h3_pair,count,origin_h3,destination_h3,actual_eta_mean,baseline_mae,residual_mae,residual_improvement_vs_baseline,residual_p90_abs_error
89414369617ffff->89415cb4987ffff,5,89414369617ffff,89415cb4987ffff,1482.2,676.2,246.6991760253906,429.50082397460943,500.423779296875
89415cb4987ffff->89414369617ffff,7,89415cb4987ffff,89414369617ffff,1330.2857142857142,484.7142857142857,240.1923538872174,244.52193182706833,418.46042480468753
89415cb687bffff->89415cb684bffff,5,89415cb687bffff,89415cb684bffff,710.4,526.2,226.0774299621582,300.12257003784185,488.57685546875007
89415cb5db3ffff->89415cb4e43ffff,5,89415cb5db3ffff,89415cb4e43ffff,595.2,418.6,225.02941646575928,193.57058353424074,430.4372314453125
89415cb4e43ffff->89415cb46afffff,19,89415cb4e43ffff,89415cb46afffff,1803.5263157894738,606.0,222.7417736680884,383.2582263319116,448.11340332031244
89415cb5dc7ffff->89415cb687bffff,23,89415cb5dc7ffff,89415cb687bffff,2793.5652173913045,558.4347826086956,220.94702446979025,337.4877581389054,358.8265380859375
8941436945bffff->89415cb4bc3ffff,26,8941436945bffff,89415cb4bc3ffff,1323.0,533.7692307692307,219.72011045309213,314.04912031613856,514.5499877929688
89415cb4a47ffff->89415cb4e3bffff,25,89415cb4a47ffff,89415cb4e3bffff,1155.12,562.6,216.3127414703369,346.2872585296631,381.2714599609376
89415cb49afffff->89415cb4d5bffff,23,89415cb49afffff,89415cb4d5bffff,1269.5217391304348,463.69565217391306,211.05421562298486,252.6414365509282,509.0850341796876
89415cb687bffff->89415cb46afffff,30,89415cb687bffff,89415cb46afffff,2355.633333333333,535.7,206.33894524971643,329.36105475028364,447.0508178710939
89415cb5dc7ffff->89415cb4bc3ffff,32,89415cb5dc7ffff,89415cb4bc3ffff,1449.96875,488.0,205.5494841374457,282.4505158625543,404.3929565429688
89415cb4bc3ffff->89415cb4193ffff,20,89415cb4bc3ffff,89415cb4193ffff,2434.75,549.6,205.42549533843993,344.1745046615601,352.80535888671875
89415cb4b0fffff->89415cb49afffff,8,89415cb4b0fffff,89415cb49afffff,1101.25,325.625,204.92192935943604,120.70307064056396,311.0360961914062
89415cb4cd7ffff->89415cb4e43ffff,28,89415cb4cd7ffff,89415cb4e43ffff,1525.6785714285713,684.8571428571429,202.2548700230462,482.60227283409665,348.95089721679693
89414369647ffff->89415cb49afffff,9,89414369647ffff,89415cb49afffff,1108.0,492.55555555555554,199.75022592809466,292.8053296274609,342.4775390625
89415cb4bc3ffff->89415cb5dc7ffff,28,89415cb4bc3ffff,89415cb5dc7ffff,1309.7142857142858,429.67857142857144,198.5524390957185,231.12613233285293,424.6286437988282
89415cb4ba3ffff->89415cb46afffff,23,89415cb4ba3ffff,89415cb46afffff,3653.0434782608695,555.1304347826087,197.3312124169391,357.7992223656696,465.55986328125
894143682c3ffff->89414369647ffff,40,894143682c3ffff,89414369647ffff,2116.875,493.7,194.61487691402436,299.0851230859756,451.3799194335937
89415cb4b0fffff->894143682c3ffff,27,89415cb4b0fffff,894143682c3ffff,2786.6666666666665,638.1481481481482,192.22443857016387,445.92370957798425,338.4446838378907
89415cb4d5bffff->89415cb5dc7ffff,15,89415cb4d5bffff,89415cb5dc7ffff,1909.6666666666667,531.0,191.9909302075704,339.0090697924296,321.0327575683594
89415cb4e3bffff->89414368657ffff,42,89415cb4e3bffff,89414368657ffff,3157.2380952380954,557.5952380952381,191.30565297603607,366.289585119202,331.87086181640626
89415cb4e43ffff->8941436945bffff,20,89415cb4e43ffff,8941436945bffff,3245.9,666.85,189.7239382714033,477.1260617285967,486.2948608398438
89415cb4d47ffff->8941436945bffff,25,89415cb4d47ffff,8941436945bffff,1140.6,470.52,189.6750316619873,280.8449683380127,406.2730224609376
89414368657ffff->89415cb4e43ffff,25,89414368657ffff,89415cb4e43ffff,3892.44,625.76,188.1120739364624,437.6479260635376,429.96733398437505
89415cb687bffff->89415cb4e43ffff,28,89415cb687bffff,89415cb4e43ffff,2151.4285714285716,520.9285714285714,187.8246598797185,333.1039115488529,331.2552185058594
89415cb4a47ffff->89415ca7123ffff,27,89415cb4a47ffff,89415ca7123ffff,2813.814814814815,426.18518518518516,187.73811759772124,238.44706758746392,339.87192382812503
894143682c3ffff->89415cb4e3bffff,23,894143682c3ffff,89415cb4e3bffff,3140.1739130434785,460.2173913043478,186.7777063380117,273.43968496633613,329.259716796875
89415cb684bffff->89415cb687bffff,5,89415cb684bffff,89415cb687bffff,518.6,314.4,186.70217590332032,127.69782409667965,363.2988159179688
89415cb5dc7ffff->894143682c3ffff,17,89415cb5dc7ffff,894143682c3ffff,3647.5882352941176,510.11764705882354,186.15846130821635,323.95918575060716,352.5097900390625
89415cb4193ffff->89415ca7123ffff,29,89415cb4193ffff,89415ca7123ffff,4292.0,609.9310344827586,184.82463892986036,425.1063955528982,390.8281494140624
89415cb687bffff->89415cb4cd7ffff,21,89415cb687bffff,89415cb4cd7ffff,1181.904761904762,586.0952380952381,181.48683539458685,404.60840270065125,377.9053955078125
89415cb687bffff->89415cb5db3ffff,30,89415cb687bffff,89415cb5db3ffff,2124.9,475.5,180.69089670976004,294.80910329023993,361.2279296875
89415cb4193ffff->89414369617ffff,23,89415cb4193ffff,89414369617ffff,2973.304347826087,515.1304347826087,180.4246567228566,334.7057780597521,408.18491210937503
89415ca640bffff->89415cb49afffff,26,89415ca640bffff,89415cb49afffff,1870.3461538461538,595.6538461538462,180.38144014202632,415.27240601181984,373.6302185058594
89415ca640bffff->89415cb4d5bffff,21,89415ca640bffff,89415cb4d5bffff,1911.4285714285713,415.7142857142857,179.49917684282576,236.21510887145996,341.1255187988281
89415cb684bffff->89415cb5db3ffff,22,89415cb684bffff,89415cb5db3ffff,2267.0454545454545,613.5,178.96719126267865,434.5328087373214,371.6866271972657
89415cb4bc3ffff->89415cb684bffff,19,89415cb4bc3ffff,89415cb684bffff,2868.4210526315787,663.5263157894736,178.0774083890413,485.44890740043235,375.56484374999985
89415cb4b97ffff->89415cb684bffff,30,89415cb4b97ffff,89415cb684bffff,2416.1,490.1666666666667,177.7809901634852,312.38567650318146,308.73393859863285
89415cb4a47ffff->89415cb4d47ffff,29,89415cb4a47ffff,89415cb4d47ffff,2128.0344827586205,583.551724137931,177.25461034117075,406.2971137967603,392.8673950195312
89415cb4b0fffff->89415cb4cd7ffff,17,89415cb4b0fffff,89415cb4cd7ffff,1965.4705882352941,479.70588235294116,177.0849802494049,302.62090210353625,242.0516082763672
89415cb49afffff->89415cb4bc3ffff,23,89415cb49afffff,89415cb4bc3ffff,899.4347826086956,365.0,176.79444060118303,188.20555939881697,319.021728515625
89415cb4e43ffff->89415cb5dc7ffff,26,89415cb4e43ffff,89415cb5dc7ffff,992.8846153846154,587.0,176.761813383836,410.238186616164,350.307373046875
89415cb46afffff->89414369647ffff,34,89415cb46afffff,89414369647ffff,3449.029411764706,477.47058823529414,176.54800161193398,300.9225866233602,336.63798828125
89415cb4d47ffff->89415cb46afffff,11,89415cb4d47ffff,89415cb46afffff,3028.6363636363635,511.6363636363636,175.46353643590754,336.1728272004561,429.9287109375
8941436945bffff->89415cb4a47ffff,31,8941436945bffff,89415cb4a47ffff,1823.258064516129,495.80645161290323,175.42219609166347,320.38425552123977,389.72021484375
89415cb4bc3ffff->89415ca640bffff,31,89415cb4bc3ffff,89415ca640bffff,1037.8064516129032,469.80645161290323,175.17070789490975,294.6357437179935,368.5409851074219
89414368657ffff->89415cb4bc3ffff,15,89414368657ffff,89415cb4bc3ffff,2467.4,540.6666666666666,175.07390370368958,365.5927629629771,341.36552734375
89415cb5dc7ffff->89415cb4d47ffff,25,89415cb5dc7ffff,89415cb4d47ffff,1691.68,454.24,174.7776349067688,279.4623650932312,353.82138671875003
894143682c3ffff->89415cb687bffff,32,894143682c3ffff,89415cb687bffff,3378.0,480.4375,174.63419197499752,305.8033080250025,443.2505493164064
89415cb4e3bffff->89415cb4b0fffff,24,89415cb4e3bffff,89415cb4b0fffff,1339.4166666666667,476.9166666666667,174.61314586581042,302.3035208008563,364.5669067382812
89415cb5dc7ffff->89415cb4987ffff,24,89415cb5dc7ffff,89415cb4987ffff,2073.5416666666665,437.3333333333333,174.5854960779349,262.7478372553984,438.4745239257812
89415cb4a47ffff->89415cb4193ffff,20,89415cb4a47ffff,89415cb4193ffff,1805.45,396.5,173.52214725613595,222.97785274386405,369.5632568359376
89415ca7123ffff->89415cb4987ffff,26,89415ca7123ffff,89415cb4987ffff,3310.923076923077,572.6538461538462,173.51333236694336,399.14051378690283,246.85212326049805
89415cb4193ffff->89415cb4cd7ffff,6,89415cb4193ffff,89415cb4cd7ffff,1201.1666666666667,678.5,173.47899945576987,505.0210005442301,264.8612060546875
89415cb46afffff->89415cb687bffff,24,89415cb46afffff,89415cb687bffff,2559.875,559.0,173.2457189783454,385.7542810216546,307.3291381835937
89415cb4987ffff->89415ca7123ffff,29,89415cb4987ffff,89415ca7123ffff,3118.655172413793,512.1724137931035,173.09027259925315,339.08214119385036,397.77744140624986
894143682c3ffff->89415ca640bffff,30,894143682c3ffff,89415ca640bffff,2757.866666666667,554.9333333333333,172.61783426602682,382.31549906730646,356.6841918945313
89415cb4cd7ffff->89415ca640bffff,31,89415cb4cd7ffff,89415ca640bffff,1920.7096774193549,487.93548387096774,172.5822622622213,315.3532216087465,339.46661376953125
8941436945bffff->89414369647ffff,37,8941436945bffff,89414369647ffff,864.2972972972973,518.2432432432432,172.242674642318,346.00056860092525,346.575537109375
89415cb4b0fffff->89415cb4d5bffff,25,89415cb4b0fffff,89415cb4d5bffff,1382.12,548.04,172.18646682739256,375.8535331726074,317.10515136718755
89415cb4ba3ffff->89415cb49afffff,29,89415cb4ba3ffff,89415cb49afffff,1039.8620689655172,564.6551724137931,171.97776309837556,392.67740931541755,446.60472412109374
8941436945bffff->89415cb4b97ffff,37,8941436945bffff,89415cb4b97ffff,989.3783783783783,478.2972972972973,171.35407968469568,306.94321761260164,344.3683959960937
89415cb4cd7ffff->89415cb49afffff,21,89415cb4cd7ffff,89415cb49afffff,1772.7142857142858,546.4761904761905,171.2652087211609,375.2109817550296,446.8245849609375
89415cb687bffff->89415cb4a47ffff,21,89415cb687bffff,89415cb4a47ffff,2427.285714285714,424.57142857142856,170.64274148430144,253.92868708712712,319.9432373046875
89415cb46afffff->8941436945bffff,19,89415cb46afffff,8941436945bffff,3530.6315789473683,468.63157894736844,170.54766084018507,298.08391810718337,342.072021484375
89415ca7123ffff->89415cb49afffff,31,89415ca7123ffff,89415cb49afffff,3427.0967741935483,605.0322580645161,170.3578886678142,434.6743693967019,339.45556640625
89415cb4b0fffff->89415cb684bffff,32,89415cb4b0fffff,89415cb684bffff,2810.875,528.15625,170.02808268368244,358.12816731631756,336.85978088378914
89414368657ffff->89415cb4a47ffff,23,89414368657ffff,89415cb4a47ffff,3042.2608695652175,481.4782608695652,169.30510619930598,312.17315467025924,362.6769042968751
89415cb4ba3ffff->89415cb4a47ffff,38,89415cb4ba3ffff,89415cb4a47ffff,1178.3157894736842,509.36842105263156,168.85908653861597,340.50933451401556,411.9222900390627
89415cb4e43ffff->894143682c3ffff,27,89415cb4e43ffff,894143682c3ffff,3439.962962962963,388.48148148148147,168.83377814292908,219.6477033385524,309.08588256835947
89415cb4b97ffff->89414369617ffff,26,89415cb4b97ffff,89414369617ffff,1036.423076923077,487.0,168.67516894753163,318.32483105246837,393.7351531982422
89415cb687bffff->89415ca640bffff,33,89415cb687bffff,89415ca640bffff,3186.787878787879,566.4242424242424,167.85400303204855,398.5702393921938,387.815673828125
89415cb4a47ffff->89415cb4bc3ffff,8,89415cb4a47ffff,89415cb4bc3ffff,683.375,363.25,167.51429176330566,195.73570823669434,299.54698486328124
89415cb4bc3ffff->89415cb4d5bffff,25,89415cb4bc3ffff,89415cb4d5bffff,1131.6,494.48,167.50130044460298,326.97869955539704,360.41044921875005
89415cb4bc3ffff->89414369617ffff,20,89415cb4bc3ffff,89414369617ffff,1096.2,536.15,167.39165077805518,368.7583492219448,327.25007629394537
89415cb4e43ffff->89414369617ffff,28,89415cb4e43ffff,89414369617ffff,2351.964285714286,531.25,166.97666784695215,364.2733321530478,347.3687377929688
89415ca7123ffff->89415cb4193ffff,16,89415ca7123ffff,89415cb4193ffff,4359.0,562.0625,166.94592272862792,395.1165772713721,384.8153076171875
89415cb4193ffff->89415ca640bffff,18,89415cb4193ffff,89415ca640bffff,1928.6666666666667,283.77777777777777,166.8707841038704,116.90699367390738,330.4861206054688
89415cb5dc7ffff->89415cb4e3bffff,21,89415cb5dc7ffff,89415cb4e3bffff,860.7142857142857,407.7142857142857,166.7250520501818,240.98923366410392,304.7960510253906
89415ca7123ffff->89415cb4e3bffff,23,89415ca7123ffff,89415cb4e3bffff,3452.1304347826085,550.0869565217391,166.65498091086098,383.4319756108781,336.6730590820313
89415cb4d5bffff->89415cb4e43ffff,25,89415cb4d5bffff,89415cb4e43ffff,1185.52,446.68,166.57273971557618,280.10726028442383,415.682861328125
89415cb4e43ffff->89415cb49afffff,26,89415cb4e43ffff,89415cb49afffff,2231.923076923077,552.1923076923077,166.5117348432541,385.68057284905365,324.0637969970703
89415cb4bc3ffff->89415cb4cd7ffff,25,89415cb4bc3ffff,89415cb4cd7ffff,1794.04,494.64,166.4734011030197,328.1665988969803,384.4143066406251
89415cb5db3ffff->89415cb49afffff,19,89415cb5db3ffff,89415cb49afffff,1946.0,487.7368421052632,166.17558308651573,321.5612590187475,288.5072631835937
89415cb5dc7ffff->89415cb684bffff,26,89415cb5dc7ffff,89415cb684bffff,2591.076923076923,520.6923076923077,165.37993031281692,355.31237737949084,378.24554443359375
89415cb4cd7ffff->89414369647ffff,49,89415cb4cd7ffff,89414369647ffff,1931.2244897959183,471.2857142857143,165.20623176438468,306.0794825213296,358.16036987304693
89414369617ffff->89415cb687bffff,26,89414369617ffff,89415cb687bffff,2491.0384615384614,500.03846153846155,165.0686779962136,334.9697835422479,381.47369384765625
89415cb46afffff->89415cb4b97ffff,23,89415cb46afffff,89415cb4b97ffff,2269.0,301.4782608695652,164.77887753818345,136.69938333138174,370.2778503417969
89415cb4a47ffff->89415cb4987ffff,28,89415cb4a47ffff,89415cb4987ffff,1583.75,357.82142857142856,164.59762268407005,193.2238058873585,359.8717407226563
89415ca7123ffff->89415cb4d5bffff,25,89415ca7123ffff,89415cb4d5bffff,3446.72,460.84,164.52720707654953,296.31279292345044,300.8959228515625
89415cb5db3ffff->89414368657ffff,26,89415cb5db3ffff,89414368657ffff,3066.8846153846152,412.4230769230769,164.23160014014977,248.19147678292714,361.64532470703125
89415cb5db3ffff->89415cb4bc3ffff,24,89415cb5db3ffff,89415cb4bc3ffff,1021.3333333333334,405.7916666666667,164.08768611215055,241.70398055451614,309.2322601318359
89415ca640bffff->894143682c3ffff,24,89415ca640bffff,894143682c3ffff,2605.25,418.3333333333333,164.08056078354517,254.25277254978815,284.13253631591795
8941436945bffff->89415cb4193ffff,28,8941436945bffff,89415cb4193ffff,2562.6785714285716,493.10714285714283,163.97418897492545,329.1329538822174,294.12375183105473
89415cb684bffff->89415cb46afffff,11,89415cb684bffff,89415cb46afffff,2155.3636363636365,494.3636363636364,163.59908082268456,330.76455554095185,352.49224853515625
89415ca7123ffff->89415cb4d47ffff,21,89415ca7123ffff,89415cb4d47ffff,3254.095238095238,402.6190476190476,163.54297873519715,239.07606888385044,405.77325439453125
89415cb4cd7ffff->89415cb4d47ffff,28,89415cb4cd7ffff,89415cb4d47ffff,903.3214285714286,405.4642857142857,163.4426534883678,242.02163222591793,360.4369934082032
89415cb684bffff->89415cb5dc7ffff,26,89415cb684bffff,89415cb5dc7ffff,2269.3076923076924,484.1923076923077,163.3273155093193,320.8649921829884,353.5351104736328
89415cb4e3bffff->89415ca640bffff,21,89415cb4e3bffff,89415ca640bffff,1226.2857142857142,345.85714285714283,163.31939311263463,182.5377497445082,287.2793731689453
89415cb4cd7ffff->89415ca7123ffff,26,89415cb4cd7ffff,89415ca7123ffff,3123.3076923076924,413.7692307692308,163.15387157293466,250.6153591962961,293.7376708984375
89415cb4d47ffff->894143682c3ffff,23,89415cb4d47ffff,894143682c3ffff,2550.391304347826,508.0,163.12392319803652,344.87607680196345,291.64060058593753
89415cb4d47ffff->89415cb4ba3ffff,27,89415cb4d47ffff,89415cb4ba3ffff,1133.2222222222222,466.037037037037,163.07676344668423,302.9602735903528,363.35605468750003
89415ca640bffff->89415cb5db3ffff,30,89415ca640bffff,89415cb5db3ffff,1266.6666666666667,425.6666666666667,162.68603596687316,262.98063069979355,307.452880859375
89415cb687bffff->89414368657ffff,28,89415cb687bffff,89414368657ffff,3264.3928571428573,579.3214285714286,162.44309772763933,416.87833084378923,326.0673461914063
89415ca7123ffff->894143682c3ffff,20,89415ca7123ffff,894143682c3ffff,3880.9,464.05,162.296887922287,301.753112077713,328.97935180664064
89415cb5db3ffff->894143682c3ffff,28,89415cb5db3ffff,894143682c3ffff,3599.5714285714284,462.0,162.29432051522392,299.70567948477606,358.55914306640625
89415cb684bffff->89414368657ffff,18,89415cb684bffff,89414368657ffff,2995.5555555555557,519.7777777777778,162.2732941309611,357.50448364681677,278.58523864746104
894143682c3ffff->89415cb4e43ffff,28,894143682c3ffff,89415cb4e43ffff,3546.285714285714,523.3571428571429,162.05219309670585,361.304949760437,327.6287078857422
89415cb4bc3ffff->89415cb4e43ffff,27,89415cb4bc3ffff,89415cb4e43ffff,1473.1851851851852,567.1851851851852,161.9629152086046,405.2222699765806,327.5755493164063
89415cb4b0fffff->89415cb4d47ffff,32,89415cb4b0fffff,89415cb4d47ffff,1210.59375,455.90625,161.87739419937134,294.02885580062866,292.40406036376964
89414368657ffff->89415cb5dc7ffff,28,89414368657ffff,89415cb5dc7ffff,3062.1071428571427,369.14285714285717,161.43421908787317,207.708638054984,355.48629760742193
89415cb4bc3ffff->89414368657ffff,24,89415cb4bc3ffff,89414368657ffff,2396.8333333333335,439.75,161.4030842864886,278.3469157135114,295.982275390625
89415ca7123ffff->89415cb46afffff,21,89415ca7123ffff,89415cb46afffff,3173.0,300.95238095238096,161.24355872472128,139.70882222765968,342.07147216796875
89415cb4a47ffff->89415ca640bffff,23,89415cb4a47ffff,89415ca640bffff,939.2173913043479,432.17391304347825,161.2008225231067,270.97309052037156,252.18262939453126
89415ca640bffff->89415cb46afffff,24,89415ca640bffff,89415cb46afffff,2426.75,301.7083333333333,160.9723477959633,140.73598553737003,344.66801757812493
89414369617ffff->89415cb4b0fffff,26,89414369617ffff,89415cb4b0fffff,1023.3846153846154,516.9230769230769,160.84515060391277,356.07792631916413,337.60223388671875
89415cb4a47ffff->89415cb49afffff,30,89415cb4a47ffff,89415cb49afffff,1866.5666666666666,456.76666666666665,160.74060448010763,296.026062186559,304.257846069336
89414369647ffff->89414368657ffff,55,89414369647ffff,89414368657ffff,2048.6,472.2909090909091,160.35726638707249,311.93364270383665,307.569482421875
89415cb5db3ffff->89415ca7123ffff,27,89415cb5db3ffff,89415ca7123ffff,3089.4444444444443,504.14814814814815,159.91962046976442,344.2285276783837,357.4611572265626
89414369617ffff->89415cb4e43ffff,28,89414369617ffff,89415cb4e43ffff,2047.75,433.60714285714283,159.7299255302974,273.8772173268454,279.8260070800781
89415cb4987ffff->89415cb46afffff,26,89415cb4987ffff,89415cb46afffff,2677.846153846154,432.5769230769231,159.21533515820136,273.36158791872174,317.03416442871094
89415cb4d47ffff->89415cb4987ffff,24,89415cb4d47ffff,89415cb4987ffff,740.6666666666666,460.0416666666667,159.13389378786087,300.9077728788058,379.2894775390625
89415cb4b97ffff->89415cb4d5bffff,6,89415cb4b97ffff,89415cb4d5bffff,564.0,200.83333333333334,158.80097770690918,42.03235562642416,284.2206573486328
89415cb4b0fffff->89415cb4b97ffff,21,89415cb4b0fffff,89415cb4b97ffff,865.1428571428571,549.6666666666666,158.64756333827972,391.0191033283869,287.10528564453125
89415cb687bffff->89415cb4d5bffff,26,89415cb687bffff,89415cb4d5bffff,1258.076923076923,411.11538461538464,158.3917734026909,252.72361121269375,362.5381164550781
89415cb5db3ffff->89415cb687bffff,24,89415cb5db3ffff,89415cb687bffff,2210.4583333333335,450.7916666666667,158.36641108989716,292.42525557676953,376.0791137695312
89415ca640bffff->89414369617ffff,34,89415ca640bffff,89414369617ffff,1317.1764705882354,470.5882352941176,158.23394082574282,312.3542944683748,301.7886962890625
89415cb687bffff->89415cb4ba3ffff,23,89415cb687bffff,89415cb4ba3ffff,3226.913043478261,764.4782608695652,158.17126710518548,606.3069937643797,321.14279785156253
89415cb4d5bffff->89415cb4987ffff,36,89415cb4d5bffff,89415cb4987ffff,1051.7777777777778,463.5,157.90697855021185,305.5930214497881,317.703857421875
89415cb4b0fffff->89415cb687bffff,23,89415cb4b0fffff,89415cb687bffff,2387.7391304347825,571.4347826086956,157.86506132457566,413.56972128411996,335.76016845703134
89415cb684bffff->89415ca640bffff,26,89415cb684bffff,89415ca640bffff,2956.8846153846152,512.4615384615385,157.5867987045875,354.87473975695093,278.1118469238281
89415cb4987ffff->89415cb5dc7ffff,22,89415cb4987ffff,89415cb5dc7ffff,1987.4545454545455,470.77272727272725,157.5002580569549,313.2724692157724,281.6564392089844
89415cb4d5bffff->89415cb46afffff,29,89415cb4d5bffff,89415cb46afffff,1980.655172413793,425.44827586206895,157.38860807747676,268.0596677845922,336.749951171875
89415cb4987ffff->89415cb684bffff,23,89415cb4987ffff,89415cb684bffff,1966.1304347826087,461.5217391304348,157.27630957313207,304.2454295573027,278.3082641601563
89415cb5db3ffff->89415ca640bffff,30,89415cb5db3ffff,89415ca640bffff,1104.8333333333333,307.6666666666667,157.10300334294638,150.5636633237203,315.326498413086
89415cb4b97ffff->89415cb4d47ffff,35,89415cb4b97ffff,89415cb4d47ffff,1023.7142857142857,518.8285714285714,156.68156979424612,362.1470016343253,342.3200927734375
89415cb4d47ffff->89415cb5db3ffff,32,89415cb4d47ffff,89415cb5db3ffff,1721.03125,445.25,156.5458781272173,288.7041218727827,441.4297912597658
89415ca7123ffff->89414369617ffff,25,89415ca7123ffff,89414369617ffff,2475.64,364.24,156.41026279449463,207.82973720550538,337.3493408203126
89415cb4987ffff->89415cb5db3ffff,32,89415cb4987ffff,89415cb5db3ffff,1817.125,408.875,155.77651338279247,253.09848661720753,296.8452514648438
89415cb4bc3ffff->89415cb4b0fffff,22,89415cb4bc3ffff,89415cb4b0fffff,651.4090909090909,470.27272727272725,155.5982207899744,314.67450648275286,343.35610961914074
89415ca640bffff->89415cb4a47ffff,29,89415ca640bffff,89415cb4a47ffff,858.448275862069,405.51724137931035,155.54662546618232,249.97061591312803,325.3822082519531
894143682c3ffff->89415cb4cd7ffff,29,894143682c3ffff,89415cb4cd7ffff,3437.655172413793,467.7931034482759,155.51665054929668,312.2764528989792,339.798828125
89415cb49afffff->89415cb4193ffff,32,89415cb49afffff,89415cb4193ffff,2587.09375,512.96875,155.2474255375564,357.7213244624436,275.58632965087895
89415cb5dc7ffff->89414369647ffff,60,89415cb5dc7ffff,89414369647ffff,2442.3166666666666,500.25,155.18285610377788,345.0671438962221,326.3952850341797
89414369647ffff->89415ca640bffff,73,89414369647ffff,89415ca640bffff,1157.4246575342465,464.8493150684931,154.88090674040762,309.9684083280855,263.42542724609376
89415cb4bc3ffff->8941436945bffff,26,89415cb4bc3ffff,8941436945bffff,1289.0,520.3461538461538,154.58640373670139,365.7597501094524,265.3939514160156
89415cb4b0fffff->89415cb4e3bffff,34,89415cb4b0fffff,89415cb4e3bffff,1106.9705882352941,424.55882352941177,154.57127813731924,269.98754539209256,311.6747863769531
89415ca640bffff->89415cb4cd7ffff,21,89415ca640bffff,89415cb4cd7ffff,2315.285714285714,558.952380952381,154.1783302539871,404.77405069839386,256.0804443359375
89415cb4bc3ffff->89415cb4b97ffff,33,89415cb4bc3ffff,89415cb4b97ffff,602.6363636363636,420.8484848484849,153.73923323009953,267.1092516183853,330.42966308593753
89415cb5dc7ffff->89415ca7123ffff,23,89415cb5dc7ffff,89415ca7123ffff,2875.3478260869565,411.30434782608694,153.52562975883484,257.7787180672521,292.31358032226564
89415cb49afffff->89415ca7123ffff,27,89415cb49afffff,89415ca7123ffff,3493.5555555555557,585.1111111111111,153.37574497858682,431.7353661325243,298.8121765136719
894143682c3ffff->89415cb4b97ffff,19,894143682c3ffff,89415cb4b97ffff,2254.1052631578946,406.94736842105266,153.37534265769156,253.5720257633611,291.46466064453125
8941436945bffff->89415cb4d47ffff,30,8941436945bffff,89415cb4d47ffff,1347.9333333333334,535.4666666666667,153.26872622172039,382.1979404449463,288.9407104492188
89415cb4a47ffff->89414369617ffff,28,89415cb4a47ffff,89414369617ffff,1819.3214285714287,487.39285714285717,153.09998767716544,334.29286946569175,304.4955078125001
89415cb4b97ffff->89415cb4cd7ffff,26,89415cb4b97ffff,89415cb4cd7ffff,1235.3076923076924,422.5769230769231,153.04465719369742,269.5322658832257,240.90047454833984
89415cb4cd7ffff->894143682c3ffff,28,89415cb4cd7ffff,894143682c3ffff,2867.8214285714284,420.64285714285717,153.0410680941173,267.6017890487399,324.88604736328125
89415cb4193ffff->89415cb5db3ffff,31,89415cb4193ffff,89415cb5db3ffff,1320.9354838709678,436.93548387096774,153.01878321555353,283.9167006554142,327.1153869628906
89414368657ffff->89415cb687bffff,22,89414368657ffff,89415cb687bffff,3161.9545454545455,521.6363636363636,152.98486105691302,368.6515025794506,341.21875915527363
89415cb5db3ffff->89415cb4a47ffff,24,89415cb5db3ffff,89415cb4a47ffff,717.4583333333334,401.9583333333333,152.9115548240176,249.04677850931571,321.69996643066406
89415cb4987ffff->89415cb4b0fffff,26,89415cb4987ffff,89415cb4b0fffff,874.7307692307693,377.2692307692308,152.85434814599844,224.41488262323233,287.6661682128906
89415cb49afffff->89414369647ffff,12,89415cb49afffff,89414369647ffff,1100.75,584.3333333333334,152.66424822807312,431.66908510526025,264.66587829589844
89415cb4ba3ffff->89415cb5dc7ffff,39,89415cb4ba3ffff,89415cb5dc7ffff,1769.025641025641,432.64102564102564,152.64037022529504,280.0006554157306,269.66784667968767
89415cb4ba3ffff->89415cb684bffff,25,89415cb4ba3ffff,89415cb684bffff,2471.04,449.2,152.55315196990966,296.6468480300903,302.4509033203126
89415cb684bffff->89414369647ffff,55,89415cb684bffff,89414369647ffff,2906.1272727272726,479.09090909090907,152.53758733922785,326.5533217516812,294.6063232421875
89415cb4987ffff->89415cb4193ffff,29,89415cb4987ffff,89415cb4193ffff,2150.8275862068967,502.37931034482756,152.465098779777,349.91421156505055,284.18729400634766
89414369647ffff->89415cb4b97ffff,58,89414369647ffff,89415cb4b97ffff,924.6896551724138,420.5689655172414,152.26195241925146,268.30701309798997,285.9464416503907
89415cb4d5bffff->89415cb4bc3ffff,28,89415cb4d5bffff,89415cb4bc3ffff,1368.107142857143,619.4285714285714,152.2124005268727,467.2161709016988,320.488916015625
89415ca7123ffff->89415cb4bc3ffff,25,89415ca7123ffff,89415cb4bc3ffff,2679.88,466.32,152.19027744293214,314.12972255706785,320.63671875
89415cb4987ffff->89415cb4e43ffff,25,89415cb4987ffff,89415cb4e43ffff,1513.8,385.6,152.13563100814818,233.46436899185184,247.80857543945314
89415cb49afffff->89415cb4a47ffff,30,89415cb49afffff,89415cb4a47ffff,1873.9666666666667,492.1,151.7520111884301,340.34798881156996,354.1929931640625
89415cb4e3bffff->89415cb4a47ffff,30,89415cb4e3bffff,89415cb4a47ffff,867.6,436.1666666666667,151.28805036942165,284.878616297245,358.138510131836
89415cb4e43ffff->89415cb687bffff,30,89415cb4e43ffff,89415cb687bffff,1809.0333333333333,450.7,151.16174426097422,299.5382557390258,266.9554626464844
89415cb46afffff->89415cb4d5bffff,21,89415cb46afffff,89415cb4d5bffff,2122.6190476190477,348.0952380952381,151.0832936536698,197.01194444156826,326.3497619628906
89415cb5dc7ffff->89415cb46afffff,8,89415cb5dc7ffff,89415cb46afffff,1859.5,497.0,151.02225387096405,345.97774612903595,227.83575592041015
89415cb4193ffff->89415cb5dc7ffff,24,89415cb4193ffff,89415cb5dc7ffff,1741.7083333333333,558.0416666666666,150.58753285805383,407.4541338086128,348.701953125
89415ca7123ffff->89414368657ffff,29,89415ca7123ffff,89414368657ffff,3881.1724137931033,435.0,150.52077990564806,284.47922009435194,311.08056030273434
89415cb4cd7ffff->89415cb4e3bffff,24,89415cb4cd7ffff,89415cb4e3bffff,871.7083333333334,391.375,150.51074721167484,240.86425278832516,381.84080810546874
89415cb4987ffff->894143682c3ffff,35,89415cb4987ffff,894143682c3ffff,1964.9714285714285,427.48571428571427,150.46754377910068,277.0181705066136,295.03330078125015
89415cb4193ffff->89414369647ffff,54,89415cb4193ffff,89414369647ffff,2862.9074074074074,460.6111111111111,150.25980337460837,310.3513077365027,335.46875
89415ca640bffff->89415cb4e43ffff,25,89415ca640bffff,89415cb4e43ffff,1647.76,483.36,150.20245285987855,333.15754714012144,284.0874877929688
89415cb4e43ffff->89415cb4d47ffff,29,89415cb4e43ffff,89415cb4d47ffff,1684.1379310344828,629.4827586206897,150.14342600312727,479.3393326175624,324.67515258789064
89415cb4e43ffff->89415cb4987ffff,21,89415cb4e43ffff,89415cb4987ffff,1633.952380952381,389.0,149.9040269397554,239.0959730602446,315.5901794433594
89414369647ffff->89415cb46afffff,63,89414369647ffff,89415cb46afffff,2945.6825396825398,435.1746031746032,149.8143110691555,285.3602921054477,288.1567504882813
89415ca640bffff->89415cb4193ffff,30,89415ca640bffff,89415cb4193ffff,2925.633333333333,507.6333333333333,149.76908387144405,357.86424946188924,260.77025451660165
89415cb5dc7ffff->89415ca640bffff,28,89415cb5dc7ffff,89415ca640bffff,1514.357142857143,376.10714285714283,149.72698753220695,226.38015532493588,315.7624481201173
89415cb4ba3ffff->89414369617ffff,23,89415cb4ba3ffff,89414369617ffff,786.8260869565217,431.8695652173913,149.58394214381343,282.2856230735779,292.84013671875
89415cb4987ffff->89415cb4cd7ffff,25,89415cb4987ffff,89415cb4cd7ffff,1214.72,348.88,149.56870908737181,199.31129091262818,332.57944335937515
89415cb4b0fffff->89415cb4a47ffff,29,89415cb4b0fffff,89415cb4a47ffff,1090.4827586206898,498.48275862068965,149.54971839230637,348.9330402283833,308.7447021484375
89415cb4cd7ffff->89415cb5dc7ffff,27,89415cb4cd7ffff,89415cb5dc7ffff,1442.7037037037037,401.81481481481484,149.51325607299805,252.3015587418168,268.20842285156266
89415cb46afffff->89415cb4e43ffff,31,89415cb46afffff,89415cb4e43ffff,1753.6129032258063,404.38709677419354,149.40339242066108,254.98370435353246,277.3346252441406
89414369617ffff->89415cb4d47ffff,23,89414369617ffff,89415cb4d47ffff,1124.9130434782608,356.60869565217394,149.15901727261752,207.44967837955642,272.28848724365236
89415cb5dc7ffff->8941436945bffff,17,89415cb5dc7ffff,8941436945bffff,2275.8823529411766,416.47058823529414,148.95032603600447,267.5202621992897,230.8365234375
89415cb5db3ffff->89415cb4cd7ffff,30,89415cb5db3ffff,89415cb4cd7ffff,895.5,341.8666666666667,148.81274018287658,193.0539264837901,278.08582458496096
89415cb5dc7ffff->89415cb4b97ffff,19,89415cb5dc7ffff,89415cb4b97ffff,1388.157894736842,306.42105263157896,148.54390355160362,157.87714907997534,230.09891357421873
89415ca640bffff->89415ca7123ffff,27,89415ca640bffff,89415ca7123ffff,2037.5185185185185,437.4074074074074,148.33868258087725,289.0687248265301,302.7925292968751
89415cb4b0fffff->89415cb4bc3ffff,27,89415cb4b0fffff,89415cb4bc3ffff,764.4074074074074,536.4814814814815,148.26788358335142,388.2135978981301,295.151416015625
89415cb4b0fffff->8941436945bffff,20,89415cb4b0fffff,8941436945bffff,1288.15,611.7,148.22783496379853,463.47216503620155,319.8318969726563
89415cb4d47ffff->89415ca640bffff,30,89415cb4d47ffff,89415ca640bffff,1817.1,516.5,147.81207655270893,368.68792344729104,277.04957275390626
89415cb49afffff->89415cb687bffff,26,89415cb49afffff,89415cb687bffff,1921.9615384615386,452.5769230769231,147.775687201665,304.8012358752581,297.7735900878906
89415cb4e3bffff->89415cb4193ffff,23,89415cb4e3bffff,89415cb4193ffff,1314.695652173913,470.60869565217394,147.71450201843095,322.894193633743,288.65988769531253
894143682c3ffff->89415cb4a47ffff,29,894143682c3ffff,89415cb4a47ffff,3040.206896551724,572.8620689655172,147.63847026537204,425.2235987001452,311.8900756835937
894143682c3ffff->89415ca7123ffff,22,894143682c3ffff,89415ca7123ffff,3511.1363636363635,472.1363636363636,147.56910438971087,324.5672592466527,274.290673828125
89415cb4bc3ffff->894143682c3ffff,20,89415cb4bc3ffff,894143682c3ffff,2262.8,374.6,147.40410418212414,227.19589581787588,313.30853576660155
89415cb49afffff->89415cb4d47ffff,30,89415cb49afffff,89415cb4d47ffff,1122.4666666666667,500.56666666666666,147.30781269073486,353.2588539759318,341.52557983398447
894143682c3ffff->89415cb49afffff,28,894143682c3ffff,89415cb49afffff,1809.607142857143,433.2857142857143,147.20916893652506,286.07654534918925,312.0326599121094
89415cb4193ffff->89415cb4ba3ffff,15,89415cb4193ffff,89415cb4ba3ffff,1861.6666666666667,356.93333333333334,147.19454658826191,209.73878674507142,264.2726806640625
89415cb4a47ffff->89414369647ffff,60,89415cb4a47ffff,89414369647ffff,1662.5333333333333,501.78333333333336,147.14800946712495,354.6353238662084,317.2743896484376
89415cb687bffff->894143682c3ffff,25,89415cb687bffff,894143682c3ffff,3157.24,513.92,147.119550075531,366.8004499244689,307.94097900390625
89414369647ffff->89414369617ffff,63,89414369647ffff,89414369617ffff,744.3015873015873,550.4285714285714,147.06503367991675,403.3635377486547,387.14985351562507
89414368657ffff->89415cb5db3ffff,37,89414368657ffff,89415cb5db3ffff,2968.7567567567567,386.4054054054054,146.5488785150889,239.85652689031653,269.709568786621
89415cb4ba3ffff->89415cb4e43ffff,28,89415cb4ba3ffff,89415cb4e43ffff,1733.357142857143,505.25,146.5399122408458,358.7100877591542,288.4072250366211
89415cb49afffff->89415cb4b97ffff,23,89415cb49afffff,89415cb4b97ffff,756.5217391304348,373.5652173913044,146.53223276138306,227.03298462992132,369.5993774414064
89415cb4d47ffff->89415cb684bffff,31,89415cb4d47ffff,89415cb684bffff,1401.774193548387,378.4193548387097,146.49174469132578,231.92761014738392,260.06195068359375
89415cb49afffff->89415cb5db3ffff,21,89415cb49afffff,89415cb5db3ffff,2085.1428571428573,442.57142857142856,146.40848691122872,296.16294166019986,273.0074462890625
89415ca7123ffff->89415cb687bffff,21,89415ca7123ffff,89415cb687bffff,4492.761904761905,551.0,145.9591729697727,405.0408270302273,279.46642303466797
89415cb687bffff->89415cb4d47ffff,27,89415cb687bffff,89415cb4d47ffff,1338.4074074074074,484.85185185185185,145.95738116017094,338.8944706916809,269.3154907226563
89415cb4a47ffff->89415cb684bffff,25,89415cb4a47ffff,89415cb684bffff,2313.6,488.8,145.34197967529298,343.45802032470704,231.63033142089844
89415ca7123ffff->89414369647ffff,62,89415ca7123ffff,89414369647ffff,2450.532258064516,441.741935483871,145.3325381740447,296.40939730982626,354.43769836425776
89414369617ffff->89415cb4e3bffff,24,89414369617ffff,89415cb4e3bffff,1752.75,525.2916666666666,145.32883630444607,379.96283036222053,280.57618713378906
8941436945bffff->89415cb4cd7ffff,18,8941436945bffff,89415cb4cd7ffff,1900.3333333333333,357.5,145.22570610791445,212.27429389208555,244.33816833496095
89415cb4d47ffff->89415cb4a47ffff,24,89415cb4d47ffff,89415cb4a47ffff,1452.0,367.4583333333333,145.08697778731585,222.37135554601747,301.64489135742184
89415cb5db3ffff->89415cb4193ffff,30,89415cb5db3ffff,89415cb4193ffff,1229.0333333333333,340.0,145.08051305512586,194.91948694487414,245.04342651367205
89415ca640bffff->8941436945bffff,21,89415ca640bffff,8941436945bffff,1695.4761904761904,459.3809523809524,144.99930452448982,314.38164785646256,201.96539306640625
89415cb4d5bffff->89415cb4b0fffff,37,89415cb4d5bffff,89415cb4b0fffff,1212.2432432432433,430.7837837837838,144.84303681914872,285.9407469646351,269.9977294921875
89415cb5db3ffff->89415cb4ba3ffff,26,89415cb5db3ffff,89415cb4ba3ffff,1694.8846153846155,476.2692307692308,144.79626733523148,331.4729634339993,256.962158203125
89415cb4b0fffff->89415cb5db3ffff,25,89415cb4b0fffff,89415cb5db3ffff,1529.52,540.92,144.72638113498687,396.1936188650131,270.51417236328126
89415ca7123ffff->8941436945bffff,34,89415ca7123ffff,8941436945bffff,3031.0588235294117,471.55882352941177,144.60341685046168,326.9554066789501,260.2442260742187
89415cb684bffff->89415cb4ba3ffff,26,89415cb684bffff,89415cb4ba3ffff,2278.8076923076924,412.5,144.55178794494043,267.94821205505957,252.2254180908203
89415cb4987ffff->89415cb4ba3ffff,23,89415cb4987ffff,89415cb4ba3ffff,1056.1739130434783,468.2608695652174,144.4188082943792,323.84206127083814,347.459228515625
89415cb4b0fffff->89415ca7123ffff,35,89415cb4b0fffff,89415ca7123ffff,2365.114285714286,401.62857142857143,144.41862612451825,257.2099453040532,287.954364013672
89415ca7123ffff->89415cb4a47ffff,24,89415ca7123ffff,89415cb4a47ffff,2422.375,455.0416666666667,144.300590356191,310.7410763104757,258.5275451660156
89415ca7123ffff->89415cb4ba3ffff,25,89415ca7123ffff,89415cb4ba3ffff,2751.68,478.96,144.28669926404953,334.6733007359504,267.6776000976563
89415cb4e43ffff->89414368657ffff,25,89415cb4e43ffff,89414368657ffff,2965.36,444.64,144.1301496887207,300.50985031127925,327.49101562500005
89414369617ffff->894143682c3ffff,21,89414369617ffff,894143682c3ffff,1487.095238095238,344.5238095238095,144.0850815545945,200.43872796921502,289.83221435546875
89415cb4ba3ffff->89415cb4d47ffff,23,89415cb4ba3ffff,89415cb4d47ffff,1011.7391304347826,399.1304347826087,143.97800941052645,255.15242537208223,330.4088928222656
89415cb4e43ffff->89415cb4cd7ffff,19,89415cb4e43ffff,89415cb4cd7ffff,1144.6315789473683,455.05263157894734,143.76900401868318,311.28362756026416,342.5233642578125
89415cb4bc3ffff->89415cb687bffff,21,89415cb4bc3ffff,89415cb687bffff,1823.0,331.0952380952381,143.5476525425911,187.54758555264698,339.7049255371094
89415cb687bffff->8941436945bffff,22,89415cb687bffff,8941436945bffff,2492.409090909091,438.04545454545456,143.45400849797508,294.5914460474795,242.47454223632815
894143682c3ffff->89415cb5dc7ffff,25,894143682c3ffff,89415cb5dc7ffff,2746.88,348.88,143.16562817931174,205.71437182068826,254.2910354614258
89415cb4987ffff->89415cb4d5bffff,22,89415cb4987ffff,89415cb4d5bffff,1046.090909090909,467.3181818181818,143.12138695608485,324.19679486209697,294.1673583984375
89415cb4a47ffff->89415cb4d5bffff,26,89415cb4a47ffff,89415cb4d5bffff,1564.7692307692307,656.1153846153846,143.08543178725702,513.0299528281276,281.1737976074219
89415cb5db3ffff->89415cb4d5bffff,37,89415cb5db3ffff,89415cb4d5bffff,989.3783783783783,381.72972972972974,143.05956069042756,238.67016903930218,257.0874877929687
89415cb4ba3ffff->89415cb4e3bffff,7,89415cb4ba3ffff,89415cb4e3bffff,1516.5714285714287,656.1428571428571,142.9905766078404,513.1522805350166,265.54448242187505
89415cb5dc7ffff->89414368657ffff,22,89415cb5dc7ffff,89414368657ffff,3163.181818181818,394.1818181818182,142.6149026480588,251.56691553375938,229.31704406738282
89415cb4d5bffff->89414369647ffff,54,89415cb4d5bffff,89414369647ffff,1597.7407407407406,427.6296296296296,142.3977322490127,285.23189738061694,293.4094116210938
89415cb4a47ffff->89415cb4cd7ffff,20,89415cb4a47ffff,89415cb4cd7ffff,1905.4,433.9,142.33265569210053,291.5673443078995,332.00862731933614
89415cb684bffff->89415cb4d5bffff,19,89415cb684bffff,89415cb4d5bffff,1276.9473684210527,364.1578947368421,142.21051267573708,221.947382061105,261.2961181640624
89415cb4ba3ffff->89415cb4cd7ffff,23,89415cb4ba3ffff,89415cb4cd7ffff,1825.1739130434783,455.69565217391306,142.08256903938624,313.61308313452685,257.1262405395508
89415cb46afffff->894143682c3ffff,14,89415cb46afffff,894143682c3ffff,3683.6428571428573,441.2142857142857,142.04000977107458,299.1742759432111,255.82881774902347
89415cb4b0fffff->89415cb4ba3ffff,24,89415cb4b0fffff,89415cb4ba3ffff,585.875,439.375,141.98450138171515,297.3904986182848,327.6767211914062
89415cb5db3ffff->89414369647ffff,50,89415cb5db3ffff,89414369647ffff,1747.34,421.52,141.97291624069214,279.54708375930784,329.0929321289063
89415cb4193ffff->89415cb49afffff,22,89415cb4193ffff,89415cb49afffff,1577.4545454545455,370.72727272727275,141.90381556478414,228.8234571624886,314.5590347290041
89415cb4e43ffff->89415cb4ba3ffff,20,89415cb4e43ffff,89415cb4ba3ffff,1614.0,481.2,141.89467182159424,339.3053281784057,326.21955566406257
89414369617ffff->89415cb4b97ffff,38,89414369617ffff,89415cb4b97ffff,915.2631578947369,436.0,141.87658981155408,294.1234101884459,310.86091918945317
89414369647ffff->89415cb4ba3ffff,52,89414369647ffff,89415cb4ba3ffff,714.4615384615385,368.4230769230769,141.82217595783564,226.60090096524127,335.0514923095703
89414369647ffff->89415cb4e43ffff,41,89414369647ffff,89415cb4e43ffff,1989.9268292682927,511.4878048780488,141.80934716434012,369.67845771370867,254.047607421875
89415cb49afffff->89415cb4ba3ffff,25,89415cb49afffff,89415cb4ba3ffff,793.4,384.0,141.78997924804688,242.21002075195312,318.4562744140626
89415cb4b97ffff->89415ca7123ffff,43,89415cb4b97ffff,89415ca7123ffff,2639.9767441860463,470.4651162790698,141.68789184925168,328.7772244298181,281.4431121826172
89415cb46afffff->89414368657ffff,33,89415cb46afffff,89414368657ffff,3981.7272727272725,412.3030303030303,141.65612410054064,270.6469062024897,255.8564392089844
89415cb4193ffff->89415cb684bffff,29,89415cb4193ffff,89415cb684bffff,857.3103448275862,411.7241379310345,141.62434231001754,270.09979562101694,296.66381835937494
89415cb4cd7ffff->89415cb4d5bffff,31,89415cb4cd7ffff,89415cb4d5bffff,800.2903225806451,422.7741935483871,141.62399790363926,281.1501956447478,312.94805908203125
89415cb46afffff->89415cb4cd7ffff,33,89415cb46afffff,89415cb4cd7ffff,1784.2121212121212,423.45454545454544,141.28715807018858,282.16738738435686,243.66348266601562
89415cb49afffff->89415ca640bffff,30,89415cb49afffff,89415ca640bffff,1943.2333333333333,546.7666666666667,141.1987494190534,405.56791724761325,296.7567901611328
89415cb4d47ffff->89415ca7123ffff,27,89415cb4d47ffff,89415ca7123ffff,3213.4074074074074,475.2962962962963,141.15058239301047,334.1457139032858,349.95298309326205
89415cb4bc3ffff->89415cb4a47ffff,6,89415cb4bc3ffff,89415cb4a47ffff,1243.1666666666667,802.6666666666666,141.07192373275757,661.5947429339091,237.12112426757812
89415cb4e3bffff->89414369617ffff,24,89415cb4e3bffff,89414369617ffff,1845.3333333333333,435.9583333333333,140.93890615863106,295.0194271747023,262.97084045410156
89415cb684bffff->89415cb4b97ffff,31,89415cb684bffff,89415cb4b97ffff,2172.1612903225805,463.38709677419354,140.81676684656452,322.570329927629,344.4005126953125
894143682c3ffff->8941436945bffff,27,894143682c3ffff,8941436945bffff,1608.851851851852,445.55555555555554,140.70988838760942,304.8456671679461,230.87076416015634
89415cb4193ffff->89415cb687bffff,27,89415cb4193ffff,89415cb687bffff,921.4814814814815,402.81481481481484,140.67616267557497,262.13865213923987,251.3347900390625
894143682c3ffff->89415cb4ba3ffff,28,894143682c3ffff,89415cb4ba3ffff,2207.6428571428573,472.64285714285717,140.50527838298254,332.1375787598746,248.29111938476564
89414369617ffff->89415cb49afffff,30,89414369617ffff,89415cb49afffff,854.1333333333333,488.9,140.46175661881765,348.43824338118236,282.7134002685548
89415cb4193ffff->89415cb4a47ffff,21,89415cb4193ffff,89415cb4a47ffff,1863.047619047619,441.7142857142857,140.26379307678766,301.4504926374981,233.10223388671875
89414368657ffff->89415cb4987ffff,7,89414368657ffff,89415cb4987ffff,1422.857142857143,426.57142857142856,140.08854491370064,286.48288365772794,220.26697387695316
89414369617ffff->89415cb5db3ffff,23,89414369617ffff,89415cb5db3ffff,2070.782608695652,513.6086956521739,139.95573781884235,373.6529578333315,238.1574462890625
89415ca640bffff->89414369647ffff,46,89415ca640bffff,89414369647ffff,1139.4565217391305,419.9347826086956,139.74370344436687,280.19107916432876,289.4285583496094
894143682c3ffff->89414368657ffff,29,894143682c3ffff,89414368657ffff,952.1034482758621,638.1724137931035,139.71886258495266,498.4535512081508,357.2620300292968
89415ca7123ffff->89415cb4e43ffff,24,89415ca7123ffff,89415cb4e43ffff,2534.4583333333335,405.625,139.70702803134918,265.9179719686508,266.7950256347656
894143682c3ffff->89415cb4b0fffff,25,894143682c3ffff,89415cb4b0fffff,2487.88,553.76,139.6298338317871,414.1301661682129,256.3858398437501
89415ca640bffff->89415cb4e3bffff,31,89415ca640bffff,89415cb4e3bffff,1192.8387096774193,409.3225806451613,139.48577835867482,269.83680228648643,285.5472412109375
89414369647ffff->89415cb4e3bffff,40,89414369647ffff,89415cb4e3bffff,1849.425,451.675,139.34153462797403,312.333465372026,243.63543777465821
89415cb4e43ffff->89415cb4a47ffff,27,89415cb4e43ffff,89415cb4a47ffff,955.4444444444445,475.77777777777777,139.30934316140633,336.46843461637144,294.9822265625001
89415cb4a47ffff->89415cb46afffff,28,89415cb4a47ffff,89415cb46afffff,2332.8571428571427,447.25,139.20397844059127,308.0460215594087,261.2840454101563
89415cb4b0fffff->89415cb46afffff,28,89415cb4b0fffff,89415cb46afffff,2626.9285714285716,373.5357142857143,139.17655499066626,234.35915929504802,237.41786346435546
89415ca7123ffff->89415cb684bffff,38,89415ca7123ffff,89415cb684bffff,4045.315789473684,443.0263157894737,139.06711173371264,303.95920405576106,234.69430313110362
89415cb4b97ffff->8941436945bffff,25,89415cb4b97ffff,8941436945bffff,1035.24,503.52,139.01846187591553,364.50153812408445,298.8509033203125
89414369647ffff->89415cb4cd7ffff,54,89414369647ffff,89415cb4cd7ffff,1947.2037037037037,372.8333333333333,138.71730508462147,234.11602824871184,309.50255432128915
89414368657ffff->89415cb4b97ffff,35,89414368657ffff,89415cb4b97ffff,2291.8,529.8285714285714,138.59489953177317,391.2336718967982,294.40937500000007
89415cb4bc3ffff->89414369647ffff,53,89415cb4bc3ffff,89414369647ffff,1102.2641509433963,496.20754716981133,138.57547513848908,357.63207203132225,247.19144287109376
89414368657ffff->89415cb4e3bffff,32,89414368657ffff,89415cb4e3bffff,2659.8125,433.59375,138.43597841262817,295.1577715873718,278.61262664794936
89415cb5db3ffff->89415cb4b97ffff,26,89415cb5db3ffff,89415cb4b97ffff,1591.923076923077,510.46153846153845,138.42975490826828,372.0317835532702,241.79618072509766
89415cb4e43ffff->89415cb4b97ffff,26,89415cb4e43ffff,89415cb4b97ffff,1396.8461538461538,435.7307692307692,138.23282193220578,297.4979472985634,264.6517028808594
89415cb49afffff->89415cb4987ffff,29,89415cb49afffff,89415cb4987ffff,659.3103448275862,487.3448275862069,138.15775082029145,349.18707676591544,279.7374755859375
89415cb4e43ffff->89415ca7123ffff,31,89415cb4e43ffff,89415ca7123ffff,3351.6451612903224,535.741935483871,138.1281155155551,397.61381996831585,202.204833984375
89415cb4d5bffff->89414369617ffff,28,89415cb4d5bffff,89414369617ffff,1266.2142857142858,356.25,138.05435923726432,218.19564076273568,241.393189239502
89415cb4cd7ffff->8941436945bffff,24,89415cb4cd7ffff,8941436945bffff,2410.2916666666665,600.4583333333334,138.00016560653845,462.45816772679495,282.30845947265624
89415cb4a47ffff->89415cb4ba3ffff,34,89415cb4a47ffff,89415cb4ba3ffff,948.3235294117648,378.97058823529414,137.92752768362269,241.04306055167146,271.2780990600586
894143682c3ffff->89415cb4bc3ffff,20,894143682c3ffff,89415cb4bc3ffff,2256.55,421.15,137.71936631202698,283.430633687973,336.3650146484375
89415cb687bffff->89415cb4b0fffff,25,89415cb687bffff,89415cb4b0fffff,2792.96,605.64,137.6487523651123,467.9912476348877,323.29479980468756
89415ca7123ffff->89415cb5db3ffff,29,89415ca7123ffff,89415cb5db3ffff,3007.4827586206898,469.9655172413793,137.6456452197042,332.3198720216751,321.90095214843745
89415cb4e43ffff->89415ca640bffff,24,89415cb4e43ffff,89415ca640bffff,1492.6666666666667,417.5833333333333,137.5759604970614,280.0073728362719,261.85077209472655
89414368657ffff->89415cb684bffff,25,89414368657ffff,89415cb684bffff,3315.8,595.36,137.55063212394714,457.8093678760529,290.1078002929688
89414368657ffff->89415ca7123ffff,28,89414368657ffff,89415ca7123ffff,4081.8214285714284,431.5357142857143,137.4736625637327,294.06205172198156,239.21365051269535
89414369647ffff->89415cb4bc3ffff,49,89414369647ffff,89415cb4bc3ffff,912.1428571428571,369.1020408163265,137.44685094666724,231.65518986965927,287.50773925781255
8941436945bffff->89415ca7123ffff,24,8941436945bffff,89415ca7123ffff,3138.8333333333335,493.875,137.35490024089813,356.52009975910187,324.1141418457031
89414369617ffff->89415cb46afffff,17,89414369617ffff,89415cb46afffff,2517.529411764706,405.52941176470586,137.30339650546804,268.2260152592378,252.2079956054688
89415cb4ba3ffff->89415cb4987ffff,29,89415cb4ba3ffff,89415cb4987ffff,965.8275862068965,544.3793103448276,137.2403127057799,407.13899763904766,370.3777587890625
89414369647ffff->89415cb4a47ffff,51,89414369647ffff,89415cb4a47ffff,1578.5294117647059,438.8235294117647,137.174891067194,301.6486383445707,309.09722900390625
89415cb4193ffff->8941436945bffff,33,89415cb4193ffff,8941436945bffff,2245.242424242424,405.93939393939394,136.6040285283869,269.33536541100705,293.49425048828124
89415cb4193ffff->89414368657ffff,20,89415cb4193ffff,89414368657ffff,3632.05,507.85,136.49368664622307,371.35631335377695,271.984375
89415cb4b97ffff->89415cb4a47ffff,23,89415cb4b97ffff,89415cb4a47ffff,1284.695652173913,542.3478260869565,136.42370818490568,405.92411790205085,277.07604980468756
89415cb5dc7ffff->89415cb4d5bffff,30,89415cb5dc7ffff,89415cb4d5bffff,1835.5666666666666,515.6666666666666,136.3882842304806,379.278382436186,263.7932342529297
89415cb4193ffff->89415cb4bc3ffff,21,89415cb4193ffff,89415cb4bc3ffff,1902.2857142857142,369.9047619047619,136.27836498192377,233.62639692283815,259.47581481933594
89415cb4bc3ffff->89415cb46afffff,21,89415cb4bc3ffff,89415cb46afffff,3159.5714285714284,587.2857142857143,136.1712971868969,451.1144170988174,333.79705810546875
89415cb4d47ffff->89415cb4193ffff,18,89415cb4d47ffff,89415cb4193ffff,1503.111111111111,440.22222222222223,136.03747959269418,304.18474262952805,258.0736389160157
89415cb4d47ffff->89415cb687bffff,23,89415cb4d47ffff,89415cb687bffff,1213.608695652174,377.95652173913044,136.02939430527064,241.9271274338598,286.32544555664066
89415cb49afffff->89415cb684bffff,27,89415cb49afffff,89415cb684bffff,2085.5555555555557,411.77777777777777,135.8376485021026,275.9401292756752,203.09375000000006
89415cb46afffff->89415cb49afffff,32,89415cb46afffff,89415cb49afffff,2729.1875,394.75,135.83418647572398,258.915813524276,239.72100219726573
89415cb4b0fffff->89415cb4e43ffff,39,89415cb4b0fffff,89415cb4e43ffff,1571.2564102564102,436.53846153846155,135.75994619956384,300.7785153388977,236.6751770019532
89415cb687bffff->89415cb4193ffff,28,89415cb687bffff,89415cb4193ffff,868.5,371.14285714285717,135.7332389993327,235.40961814352445,234.8632019042969
89415cb5dc7ffff->89415cb4e43ffff,13,89415cb5dc7ffff,89415cb4e43ffff,678.3076923076923,405.6923076923077,135.6201292184683,270.07217847383936,333.4028991699219
89415cb4e3bffff->89415ca7123ffff,32,89415cb4e3bffff,89415ca7123ffff,2815.03125,487.28125,135.5988287080545,351.6824212919455,230.27553100585942
89414369617ffff->89415cb5dc7ffff,34,89414369617ffff,89415cb5dc7ffff,2498.6470588235293,432.11764705882354,135.5275473875158,296.5900996713077,262.9228515625
89415ca640bffff->89415cb4ba3ffff,23,89415ca640bffff,89415cb4ba3ffff,935.304347826087,335.82608695652175,135.50097836100537,200.32510859551638,278.9756103515625
89414369647ffff->89415cb4d47ffff,55,89414369647ffff,89415cb4d47ffff,1692.5272727272727,503.03636363636366,135.41618100079623,367.6201826355674,254.77262268066409
89415cb4d5bffff->89415cb4193ffff,34,89415cb4d5bffff,89415cb4193ffff,1409.6764705882354,469.3235294117647,135.32845446292092,333.9950749488438,269.4716400146484
894143682c3ffff->89415cb4d47ffff,28,894143682c3ffff,89415cb4d47ffff,2338.0,417.92857142857144,135.17995048553817,282.7486209430333,294.4831726074219
89415cb4bc3ffff->89415cb4d47ffff,19,89415cb4bc3ffff,89415cb4d47ffff,1186.0526315789473,525.7368421052631,135.17692641208046,390.5599156931827,247.96307373046875
89415cb4a47ffff->8941436945bffff,27,89415cb4a47ffff,8941436945bffff,1849.2962962962963,456.9259259259259,135.17553847807426,321.75038744785167,271.30167236328134
89415cb687bffff->89415cb4bc3ffff,24,89415cb687bffff,89415cb4bc3ffff,2164.3333333333335,400.7083333333333,135.12920903166136,265.579124301672,303.2244995117187
89415cb4a47ffff->89414368657ffff,25,89415cb4a47ffff,89414368657ffff,2499.96,417.12,135.1002032470703,282.01979675292966,295.39094238281257
89415cb4cd7ffff->89415cb4a47ffff,29,89415cb4cd7ffff,89415cb4a47ffff,1468.6896551724137,343.3448275862069,135.01664179357988,208.32818579262704,296.215185546875
89415cb4d47ffff->89415cb49afffff,32,89415cb4d47ffff,89415cb49afffff,945.28125,396.59375,135.01485959999263,261.57889040000737,270.8236267089845
8941436945bffff->894143682c3ffff,32,8941436945bffff,894143682c3ffff,1552.09375,391.4375,134.97655972838402,256.460940271616,241.05235671997082
89415ca640bffff->89415cb4b0fffff,28,89415ca640bffff,89415cb4b0fffff,969.0714285714286,520.8928571428571,134.721465076719,386.1713920661381,279.21089477539067
89414369647ffff->89415cb5dc7ffff,49,89414369647ffff,89415cb5dc7ffff,1802.7551020408164,339.8775510204082,134.57031142954924,205.30723959085896,289.9357543945313
89415cb4b97ffff->894143682c3ffff,25,89415cb4b97ffff,894143682c3ffff,2468.68,581.44,134.46038305282593,446.9796169471741,253.6799072265625
89415cb4ba3ffff->89414369647ffff,70,89415cb4ba3ffff,89414369647ffff,816.3428571428572,432.14285714285717,134.3107579712357,297.8320991716215,313.0607086181641
89415cb46afffff->89415cb4d47ffff,21,89415cb46afffff,89415cb4d47ffff,2624.5714285714284,541.5714285714286,134.2816695939927,407.2897589774359,186.75613403320312
89415ca640bffff->89415cb4987ffff,23,89415ca640bffff,89415cb4987ffff,2219.7391304347825,548.1304347826087,134.27238494546518,413.85804983714354,250.86489868164062
89415cb4e3bffff->89415cb5db3ffff,30,89415cb4e3bffff,89415cb5db3ffff,726.9666666666667,420.2,134.21176828742028,285.9882317125797,280.67843017578133
89415cb4bc3ffff->89415cb5db3ffff,24,89415cb4bc3ffff,89415cb5db3ffff,806.875,311.25,134.0423164019982,177.2076835980018,205.72867126464843
89415cb4d5bffff->89415cb5db3ffff,24,89415cb4d5bffff,89415cb5db3ffff,1176.0,373.6666666666667,134.00955551862717,239.65711114803952,253.88345947265626
89415cb4987ffff->89415cb4bc3ffff,34,89415cb4987ffff,89415cb4bc3ffff,991.5,375.02941176470586,133.96135421803987,241.06805754666598,270.2162139892578
89415ca7123ffff->89415cb4b0fffff,34,89415ca7123ffff,89415cb4b0fffff,2221.5588235294117,378.6764705882353,133.8375887835727,244.8388818046626,298.37201232910155
89415cb49afffff->89415cb46afffff,28,89415cb49afffff,89415cb46afffff,2872.6428571428573,358.0,133.76524213382177,224.23475786617823,296.7106018066406
89414369617ffff->89415ca640bffff,29,89414369617ffff,89415ca640bffff,1691.2413793103449,601.3103448275862,133.61812228169936,467.6922225458868,296.44940185546875
89415cb4b97ffff->89415cb46afffff,23,89415cb4b97ffff,89415cb46afffff,2797.1304347826085,463.69565217391306,133.5746272335882,330.1210249403249,241.77873535156252
89415cb684bffff->89415cb4e3bffff,32,89415cb684bffff,89415cb4e3bffff,1594.6875,444.625,133.4369205625262,311.1880794374738,258.9342781066895
89415cb4a47ffff->89415cb687bffff,20,89415cb4a47ffff,89415cb687bffff,2135.0,283.4,133.29042485952377,150.1095751404762,228.16209106445316
89415cb4987ffff->89415cb4b97ffff,25,89415cb4987ffff,89415cb4b97ffff,577.76,309.0,133.2818409347534,175.7181590652466,268.38513183593756
89415cb684bffff->89415cb4cd7ffff,26,89415cb684bffff,89415cb4cd7ffff,946.5,456.61538461538464,133.1491508117089,323.4662338036758,269.94911193847656
89415cb4d5bffff->89415cb687bffff,30,89415cb4d5bffff,89415cb687bffff,1084.6,357.1,133.08774220148723,224.0122577985128,301.67308044433594
89415cb687bffff->89415cb4e3bffff,33,89415cb687bffff,89415cb4e3bffff,1628.2727272727273,389.45454545454544,133.02617755464533,256.4283678999001,287.04221191406253
89414368657ffff->89415cb4d47ffff,24,89414368657ffff,89415cb4d47ffff,1729.25,365.0833333333333,132.9513409510255,232.13199238230783,248.52483291625973
89415cb4d5bffff->89415cb4cd7ffff,23,89415cb4d5bffff,89415cb4cd7ffff,942.5217391304348,544.1739130434783,132.90625958857328,411.267653454905,358.14150390625
89415cb4987ffff->89415cb4e3bffff,31,89415cb4987ffff,89415cb4e3bffff,1228.2903225806451,452.80645161290323,132.68593264923942,320.1205189636638,240.5474853515625
89415cb687bffff->89415ca7123ffff,28,89415cb687bffff,89415ca7123ffff,4360.821428571428,479.0357142857143,132.57683163455553,346.4588826511588,268.8719757080078
89414369647ffff->89415cb4987ffff,57,89414369647ffff,89415cb4987ffff,1084.140350877193,444.4736842105263,132.52673385017798,311.9469503603483,291.0656494140625
89415cb4d5bffff->89415cb49afffff,34,89415cb4d5bffff,89415cb49afffff,930.2941176470588,360.20588235294116,132.4558895543656,227.74999279857556,234.99496459960935
89415cb4d47ffff->89414369617ffff,22,89415cb4d47ffff,89414369617ffff,1178.8181818181818,385.5,132.4036302742633,253.0963697257367,207.0020515441895
89414369617ffff->89415cb4193ffff,27,89414369617ffff,89415cb4193ffff,1997.4074074074074,334.4074074074074,132.33774496007848,202.0696624473289,213.81577148437515
89415cb46afffff->89415cb5db3ffff,25,89415cb46afffff,89415cb5db3ffff,1480.0,324.16,132.28034616470336,191.87965383529666,214.39199218750002
89415cb4b0fffff->89415cb4193ffff,23,89415cb4b0fffff,89415cb4193ffff,1916.7826086956522,526.0434782608696,132.23541649528173,393.8080617655879,371.12309570312505
89415cb49afffff->89415cb4cd7ffff,32,89415cb49afffff,89415cb4cd7ffff,1823.1875,459.34375,132.16242602095008,327.1813239790499,238.22760848999025
89415cb4ba3ffff->89415cb4193ffff,24,89415cb4ba3ffff,89415cb4193ffff,2080.4583333333335,391.9166666666667,132.1018063823382,259.81486028432846,233.08426818847653
89415cb4cd7ffff->89415cb4b0fffff,25,89415cb4cd7ffff,89415cb4b0fffff,1903.04,521.6,131.93995584577323,389.6600441542268,302.5135620117189
89414368657ffff->89415cb46afffff,29,89414368657ffff,89415cb46afffff,3471.0344827586205,453.17241379310343,131.8295587404021,321.34285505270134,271.81623535156245
89415cb4987ffff->89415cb687bffff,26,89415cb4987ffff,89415cb687bffff,1720.3461538461538,413.0769230769231,131.52840344722455,281.54851962969855,255.890869140625
89415cb46afffff->89415cb4987ffff,27,89415cb46afffff,89415cb4987ffff,3030.6296296296296,554.8518518518518,131.51052700093499,423.34132485091686,221.89650878906255
89415cb5db3ffff->89415cb684bffff,23,89415cb5db3ffff,89415cb684bffff,2027.7826086956522,397.30434782608694,131.5104531425497,265.79389468353725,280.09102325439454
89415cb4cd7ffff->89415cb4ba3ffff,20,89415cb4cd7ffff,89415cb4ba3ffff,1549.1,341.05,131.4787580370903,209.5712419629097,248.01214599609386
89414369647ffff->89415cb687bffff,66,89414369647ffff,89415cb687bffff,2446.409090909091,401.72727272727275,131.42686543644717,270.30040729082555,255.32742309570312
89414369647ffff->8941436945bffff,40,89414369647ffff,8941436945bffff,835.775,448.425,131.33154215216638,317.09345784783363,245.93829345703134
89415cb46afffff->89415ca7123ffff,27,89415cb46afffff,89415ca7123ffff,3693.4074074074074,373.55555555555554,131.1058608646746,242.44969469088093,264.79614257812506
89414369617ffff->89415cb4ba3ffff,23,89414369617ffff,89415cb4ba3ffff,637.3913043478261,323.17391304347825,131.00361537674198,192.17029766673627,291.4515625
89414369647ffff->89415cb4b0fffff,12,89414369647ffff,89415cb4b0fffff,625.5833333333334,314.1666666666667,130.98435270786285,183.18231395880383,259.6080291748047
89415cb49afffff->89414368657ffff,26,89415cb49afffff,89414368657ffff,1666.3461538461538,482.2307692307692,130.71263146400452,351.5181377667647,309.60931396484375
89415cb4987ffff->89415cb49afffff,28,89415cb4987ffff,89415cb49afffff,553.4642857142857,390.5,130.49910231998987,260.0008976800101,227.89896240234376
8941436945bffff->89415cb46afffff,21,8941436945bffff,89415cb46afffff,2871.6190476190477,438.0,130.45957324618385,307.5404267538162,304.99365234375
89415cb4193ffff->89415cb4987ffff,25,89415cb4193ffff,89415cb4987ffff,2048.88,441.8,130.4594481396675,311.34055186033254,226.35090637207034
89415cb684bffff->89415cb4bc3ffff,27,89415cb684bffff,89415cb4bc3ffff,1999.4814814814815,418.3703703703704,130.32402717156543,288.04634319880495,267.1696044921875
89415cb4e3bffff->89414369647ffff,57,89415cb4e3bffff,89414369647ffff,1519.2631578947369,393.7368421052632,130.27947086618659,263.45737123907656,239.8032516479492
89415cb49afffff->89414369617ffff,31,89415cb49afffff,89414369617ffff,805.5483870967741,456.9032258064516,130.23266051685619,326.6705652895954,334.46502685546875
89415cb4d5bffff->89415cb4d47ffff,30,89415cb4d5bffff,89415cb4d47ffff,626.0666666666667,477.23333333333335,130.1160982608795,347.1172350724538,264.687683105469
894143682c3ffff->89415cb4987ffff,35,894143682c3ffff,89415cb4987ffff,1832.4571428571428,412.51428571428573,130.00397773470198,282.5103079795838,244.04931640625
89415cb5dc7ffff->89415cb4ba3ffff,27,89415cb5dc7ffff,89415cb4ba3ffff,1843.8148148148148,478.44444444444446,129.99647581135784,348.4479686330866,213.6879150390626
89415cb4b0fffff->89415cb4987ffff,17,89415cb4b0fffff,89415cb4987ffff,1145.1764705882354,482.7647058823529,129.84877749050364,352.9159283918493,269.035400390625
89415cb4d5bffff->89414368657ffff,28,89415cb4d5bffff,89414368657ffff,1919.357142857143,445.85714285714283,129.8407746212823,316.01636823586057,276.77918701171876
89414369647ffff->89415ca7123ffff,47,89414369647ffff,89415ca7123ffff,2232.1063829787236,368.74468085106383,129.58475336622683,239.159927484837,283.78017578125
89414368657ffff->89415cb4cd7ffff,27,89414368657ffff,89415cb4cd7ffff,2231.703703703704,298.2962962962963,129.4869746300909,168.8093216662054,265.5550598144532
89415cb5db3ffff->89414369617ffff,34,89415cb5db3ffff,89414369617ffff,1784.1176470588234,341.9117647058824,129.44475542359493,212.46700928228745,276.85751953125
89415cb4b97ffff->89415cb5db3ffff,28,89415cb4b97ffff,89415cb5db3ffff,1265.4285714285713,392.35714285714283,129.34395374570573,263.0131891114371,259.87074584960936
89415cb4b97ffff->89415cb49afffff,22,89415cb4b97ffff,89415cb49afffff,909.9090909090909,462.04545454545456,129.32540472529152,332.720049820163,236.69387512207038
89415cb5dc7ffff->89415cb5db3ffff,25,89415cb5dc7ffff,89415cb5db3ffff,697.56,507.6,129.12218788146973,378.4778121185303,257.3396850585938
89415cb4e3bffff->894143682c3ffff,19,89415cb4e3bffff,894143682c3ffff,3095.315789473684,426.6842105263158,129.03769028814216,297.6465202381736,262.0626586914062
894143682c3ffff->89415cb46afffff,26,894143682c3ffff,89415cb46afffff,4741.384615384615,516.0384615384615,128.9823496708503,387.0561118676112,292.8577575683594
89415cb4d47ffff->89415cb4cd7ffff,27,89415cb4d47ffff,89415cb4cd7ffff,1030.7777777777778,464.1111111111111,128.85272812567376,335.2583829854373,262.11096191406256
89415cb5dc7ffff->89415cb4b0fffff,18,89415cb5dc7ffff,89415cb4b0fffff,1950.2777777777778,513.7222222222222,128.7927788562245,384.9294433659977,221.82018127441407
89415cb4e43ffff->89415cb4193ffff,26,89415cb4e43ffff,89415cb4193ffff,1031.4615384615386,360.1923076923077,128.13960460516122,232.05270308714645,291.8633117675781
89415ca7123ffff->89415cb5dc7ffff,22,89415ca7123ffff,89415cb5dc7ffff,3070.2272727272725,593.4545454545455,127.98653550581498,465.4680099487305,245.02401123046877
89415cb4e3bffff->89415cb46afffff,27,89415cb4e3bffff,89415cb46afffff,1871.888888888889,442.55555555555554,127.79759230437102,314.7579632511845,265.6482055664065
89415cb4a47ffff->89415cb4b0fffff,27,89415cb4a47ffff,89415cb4b0fffff,968.0370370370371,397.1111111111111,127.77778517648026,269.3333259346308,239.07862548828132
89414369647ffff->89414369647ffff,8,89414369647ffff,89414369647ffff,880.75,774.0,127.36238902807236,646.6376109719276,312.21691284179684
89415cb4bc3ffff->89415cb4ba3ffff,32,89415cb4bc3ffff,89415cb4ba3ffff,932.65625,617.25,127.34867423772812,489.9013257622719,305.41790771484386
89415cb4a47ffff->894143682c3ffff,23,89415cb4a47ffff,894143682c3ffff,2926.9565217391305,431.17391304347825,127.34580236932506,303.8281106741532,268.82801513671876
89415cb4e3bffff->89415cb4cd7ffff,18,89415cb4e3bffff,89415cb4cd7ffff,1141.611111111111,491.6666666666667,127.13769793510437,364.5289687315623,230.02071075439457
89414369647ffff->89415cb684bffff,63,89414369647ffff,89415cb684bffff,2650.15873015873,429.2857142857143,126.93551935223005,302.3501949334842,227.8517807006836
8941436945bffff->89415cb4d5bffff,23,8941436945bffff,89415cb4d5bffff,1249.391304347826,508.95652173913044,126.90700739427753,382.0495143448529,284.611329650879
89415cb4cd7ffff->89415cb687bffff,20,89415cb4cd7ffff,89415cb687bffff,721.55,333.25,126.86223323345185,206.38776676654817,213.349287414551
89415cb4b0fffff->89415cb5dc7ffff,31,89415cb4b0fffff,89415cb5dc7ffff,1610.3225806451612,390.4193548387097,126.80039222778812,263.6189626109216,211.69586181640625
89415cb4ba3ffff->894143682c3ffff,30,89415cb4ba3ffff,894143682c3ffff,1826.5,328.7,126.7942315419515,201.9057684580485,230.24626464843752
89415cb4d47ffff->89414368657ffff,23,89415cb4d47ffff,89414368657ffff,1627.1739130434783,401.39130434782606,126.70134428273077,274.6899600650953,231.353369140625
89415ca640bffff->89415cb4bc3ffff,29,89415ca640bffff,89415cb4bc3ffff,877.2758620689655,397.3448275862069,126.63385303267117,270.7109745535357,263.592822265625
8941436945bffff->89415cb4b0fffff,29,8941436945bffff,89415cb4b0fffff,953.2068965517242,392.44827586206895,126.59897339247681,265.84930246959215,366.0483642578125
89415cb4d47ffff->89414369647ffff,52,89415cb4d47ffff,89414369647ffff,1472.6538461538462,388.09615384615387,126.4194251046731,261.67672874148076,258.0328231811523
89415cb4cd7ffff->89415cb4b97ffff,23,89415cb4cd7ffff,89415cb4b97ffff,1324.0434782608695,431.5217391304348,126.19112420438424,305.33061492605054,241.48807373046876
89415cb4193ffff->89415cb4e43ffff,30,89415cb4193ffff,89415cb4e43ffff,948.8333333333334,338.6333333333333,126.18287022908528,212.45046310424806,196.28078918457038
89414369647ffff->894143682c3ffff,53,89414369647ffff,894143682c3ffff,1959.377358490566,454.0377358490566,126.07399874363306,327.96373710542355,249.01586914062509
8941436945bffff->89415ca640bffff,25,8941436945bffff,89415ca640bffff,1667.6,374.92,125.58391277432442,249.3360872256756,261.0255554199219
89415cb4d47ffff->89415cb4e43ffff,19,89415cb4d47ffff,89415cb4e43ffff,1160.842105263158,394.94736842105266,125.56437904622994,269.3829893748227,195.78964843749998
89414368657ffff->89415cb4193ffff,36,89414368657ffff,89415cb4193ffff,3060.8888888888887,410.77777777777777,125.36496102478769,285.41281675299007,273.88124084472656
89415cb4987ffff->89415cb4a47ffff,30,89415cb4987ffff,89415cb4a47ffff,1598.2333333333333,369.7,125.35488163630167,244.3451183636983,258.07985229492186
89415ca7123ffff->89415cb4cd7ffff,29,89415ca7123ffff,89415cb4cd7ffff,3132.4827586206898,328.6896551724138,125.07449403096889,203.6151611414449,194.06331787109374
89415cb4b97ffff->89414368657ffff,34,89415cb4b97ffff,89414368657ffff,1731.5294117647059,400.2352941176471,124.92508400187774,275.31021011576934,237.2755577087402
8941436945bffff->89414368657ffff,8,8941436945bffff,89414368657ffff,1304.5,472.25,124.8974666595459,347.3525333404541,237.5781410217285
89415cb4b97ffff->89415cb687bffff,30,89415cb4b97ffff,89415cb687bffff,2271.9333333333334,486.8666666666667,124.68389510611694,362.1827715605497,202.37257080078135
89414368657ffff->89414369647ffff,38,89414368657ffff,89414369647ffff,1538.3684210526317,402.10526315789474,124.46892077985562,277.6363423780391,209.6811920166016
89415cb5db3ffff->8941436945bffff,17,89415cb5db3ffff,8941436945bffff,2074.529411764706,501.3529411764706,124.38690477259019,376.9660364038804,172.2367385864258
89415cb5db3ffff->89415cb46afffff,23,89415cb5db3ffff,89415cb46afffff,1398.3478260869565,321.4782608695652,124.31543347393365,197.16282739563155,268.4720336914063
89415cb5dc7ffff->89415cb4cd7ffff,19,89415cb5dc7ffff,89415cb4cd7ffff,1611.7894736842106,462.94736842105266,124.26281257365879,338.6845558473939,271.15610351562486
89415cb4bc3ffff->89415cb49afffff,30,89415cb4bc3ffff,89415cb49afffff,926.9666666666667,391.46666666666664,124.0437763929367,267.42289027372993,246.13739624023444
89415cb4b97ffff->89415ca640bffff,34,89415cb4b97ffff,89415ca640bffff,1367.5,563.3235294117648,123.98525157044915,439.33827784131563,271.46539916992185
894143682c3ffff->89414369617ffff,17,894143682c3ffff,89414369617ffff,1554.1764705882354,449.4117647058824,123.97686801237218,325.4348966935102,214.728369140625
89415cb4e43ffff->89414369647ffff,66,89415cb4e43ffff,89414369647ffff,1921.7424242424242,366.3030303030303,123.7772846510916,242.5257456519387,230.632080078125
89415cb4a47ffff->89415cb5dc7ffff,30,89415cb4a47ffff,89415cb5dc7ffff,979.1,442.3666666666667,123.77025156766176,318.5964150990049,274.1751220703125
89415cb4d5bffff->89415cb4a47ffff,28,89415cb4d5bffff,89415cb4a47ffff,1545.5357142857142,569.7142857142857,123.68740575654166,446.026879957744,238.48830566406252
89415cb4d5bffff->89415cb684bffff,33,89415cb4d5bffff,89415cb684bffff,1272.7575757575758,414.42424242424244,123.62390679301637,290.80033563122606,227.84992065429688
89415cb4b0fffff->89414368657ffff,14,89415cb4b0fffff,89414368657ffff,2075.4285714285716,362.5,123.45308222089496,239.04691777910506,237.34770355224612
89415cb49afffff->89415cb4e3bffff,30,89415cb49afffff,89415cb4e3bffff,1592.4333333333334,410.2,123.42856763203939,286.7714323679606,249.4380615234375
89415cb4d5bffff->8941436945bffff,26,89415cb4d5bffff,8941436945bffff,986.9230769230769,324.2307692307692,123.1660775645421,201.06469166622713,234.6663055419922
894143682c3ffff->89415cb5db3ffff,28,894143682c3ffff,89415cb5db3ffff,2837.8928571428573,273.75,123.13074794837407,150.61925205162595,264.42733764648443
89415cb46afffff->89415ca640bffff,23,89415cb46afffff,89415ca640bffff,2751.4347826086955,487.30434782608694,123.0768010408982,364.22754678518874,191.70699462890627
89414368657ffff->894143682c3ffff,26,89414368657ffff,894143682c3ffff,840.3846153846154,516.3846153846154,123.0677425127763,393.31687287183905,263.10646057128906
89415cb4e3bffff->89415cb5dc7ffff,20,89415cb4e3bffff,89415cb5dc7ffff,742.3,357.35,122.98755700588227,234.36244299411777,198.1983543395996
89415cb49afffff->89415cb4e43ffff,29,89415cb49afffff,89415cb4e43ffff,2159.3793103448274,492.44827586206895,122.87070157610137,369.57757428596756,219.45825195312491
89415cb4cd7ffff->89415cb4987ffff,25,89415cb4cd7ffff,89415cb4987ffff,1174.88,416.04,122.82019313335418,293.21980686664585,279.9759826660157
89415cb4bc3ffff->89415cb4e3bffff,37,89415cb4bc3ffff,89415cb4e3bffff,948.5405405405405,437.3243243243243,122.42522981843433,314.89909450589,213.01096191406248
89415cb4987ffff->89414369647ffff,60,89415cb4987ffff,89414369647ffff,1131.3666666666666,430.5833333333333,122.41120492468278,308.17212840865056,244.69224853515627
89415cb4a47ffff->89415cb4b97ffff,28,89415cb4a47ffff,89415cb4b97ffff,939.1785714285714,363.25,122.39575808388847,240.85424191611153,286.73540954589845
89415cb4b97ffff->89415cb5dc7ffff,31,89415cb4b97ffff,89415cb5dc7ffff,1503.3548387096773,377.19354838709677,122.29831667484775,254.89523171224903,255.62261962890625
89415cb4a47ffff->89415cb5db3ffff,22,89415cb4a47ffff,89415cb5db3ffff,694.4545454545455,453.6363636363636,122.28684212944724,331.3495215069164,294.9489166259766
89414368657ffff->89415ca640bffff,22,89414368657ffff,89415ca640bffff,2669.681818181818,484.45454545454544,122.24159912629561,362.2129463282498,252.63281250000006
89415cb4193ffff->89415cb46afffff,30,89415cb4193ffff,89415cb46afffff,1053.9333333333334,405.73333333333335,122.12368701299032,283.609646320343,209.86678466796874
89415cb4b0fffff->89415ca640bffff,40,89415cb4b0fffff,89415ca640bffff,830.025,411.55,121.92147565037013,289.62852434962986,271.29395751953126
89415cb4e3bffff->89415cb4e43ffff,37,89415cb4e3bffff,89415cb4e43ffff,535.3783783783783,371.2432432432432,121.71717501975395,249.5260682234893,270.44407958984374
89415cb4193ffff->89415cb4b0fffff,28,89415cb4193ffff,89415cb4b0fffff,2119.464285714286,499.35714285714283,121.62651697226933,377.7306258848735,246.22604522705083
89415cb5db3ffff->89415cb4987ffff,30,89415cb5db3ffff,89415cb4987ffff,1917.2333333333333,486.3333333333333,121.35830028057099,364.97503305276234,247.2067810058594
89415ca640bffff->89415cb5dc7ffff,23,89415ca640bffff,89415cb5dc7ffff,1520.0869565217392,373.5217391304348,121.30290682419486,252.21883230623996,269.74638671875005
89415cb4e3bffff->89415cb49afffff,27,89415cb4e3bffff,89415cb49afffff,1323.148148148148,295.44444444444446,121.20553518666162,174.23890925778284,209.61925048828135
89415cb4b0fffff->89414369617ffff,36,89415cb4b0fffff,89414369617ffff,1056.8055555555557,485.3888888888889,121.2005911283195,364.1882977605694,263.59619140625
89415cb4d47ffff->89415cb4b97ffff,24,89415cb4d47ffff,89415cb4b97ffff,1120.8333333333333,519.7083333333334,121.11290661493938,398.595426718394,249.07745361328125
8941436945bffff->89415cb4e3bffff,17,8941436945bffff,89415cb4e3bffff,1706.2941176470588,426.47058823529414,120.6424894775538,305.82809875774035,202.77341766357424
89415cb4e3bffff->89415cb4987ffff,22,89415cb4e3bffff,89415cb4987ffff,1540.3636363636363,513.8636363636364,120.5934158726172,393.2702204910192,199.4612564086914
89415cb4ba3ffff->89415cb687bffff,31,89415cb4ba3ffff,89415cb687bffff,1639.6451612903227,301.2903225806452,120.37727044618899,180.9130521344562,197.86031341552734
89415cb4b97ffff->89414369647ffff,53,89415cb4b97ffff,89414369647ffff,951.5283018867924,443.3018867924528,120.34603541537697,322.9558513770759,218.36953125000014
89414369617ffff->89415cb4bc3ffff,25,89414369617ffff,89415cb4bc3ffff,1055.92,436.28,120.16753683716058,316.1124631628394,203.0106201171875
89415cb684bffff->89414369617ffff,25,89415cb684bffff,89414369617ffff,2047.24,320.68,120.10688165187835,200.57311834812165,198.6233642578125
89415cb5dc7ffff->89415cb4a47ffff,29,89415cb5dc7ffff,89415cb4a47ffff,855.2413793103449,383.6551724137931,120.04233096796891,263.6128414458242,248.6109008789062
89414368657ffff->89415cb49afffff,33,89414368657ffff,89415cb49afffff,1437.7272727272727,371.1212121212121,119.98375751032974,251.1374546108824,252.20510864257812
89414369647ffff->89415cb4193ffff,56,89414369647ffff,89415cb4193ffff,2525.214285714286,451.05357142857144,119.97410953364202,331.0794618949294,222.43649291992188
89415cb49afffff->894143682c3ffff,24,89415cb49afffff,894143682c3ffff,1881.5,464.0833333333333,119.22208007176717,344.86125326156616,243.3222198486328
89415ca7123ffff->89415ca640bffff,26,89415ca7123ffff,89415ca640bffff,2164.5384615384614,482.8076923076923,118.97145070479466,363.83624160289764,232.33641052246094
8941436945bffff->89415cb5dc7ffff,26,8941436945bffff,89415cb5dc7ffff,2160.653846153846,405.7692307692308,118.96345721643705,286.8057735527937,206.41448974609375
89415ca640bffff->89415cb4d47ffff,30,89415ca640bffff,89415cb4d47ffff,1755.3666666666666,390.6666666666667,118.92311170895894,271.7435549577077,253.14216613769537
89415cb4cd7ffff->89415cb46afffff,21,89415cb4cd7ffff,89415cb46afffff,1842.3333333333333,448.42857142857144,118.53934501466297,329.8892264139085,220.7957763671875
89415cb687bffff->89415cb5dc7ffff,29,89415cb687bffff,89415cb5dc7ffff,2068.6206896551726,394.58620689655174,118.45077626869596,276.1354306278558,208.12273406982422
89415cb5dc7ffff->89415cb49afffff,27,89415cb5dc7ffff,89415cb49afffff,2013.8148148148148,378.0740740740741,118.13649051277726,259.93758356129683,229.82785644531256
89414369617ffff->89415cb4d5bffff,29,89414369617ffff,89415cb4d5bffff,1576.8275862068965,454.2068965517241,117.84848134476563,336.3584152069585,310.3672241210937
89415cb5db3ffff->89415cb4d47ffff,18,89415cb5db3ffff,89415cb4d47ffff,1209.888888888889,363.44444444444446,117.76432308223512,245.68012136220932,265.95642089843756
89415ca640bffff->89415cb684bffff,21,89415ca640bffff,89415cb684bffff,2301.809523809524,423.0,117.74369512285504,305.25630487714494,220.59536743164062
89415cb687bffff->89414369617ffff,26,89415cb687bffff,89414369617ffff,2629.576923076923,508.84615384615387,117.43338596820831,391.41276787794556,202.75469207763672
89415cb4b97ffff->89415cb4e43ffff,26,89415cb4b97ffff,89415cb4e43ffff,1059.5,335.0,117.41294517883888,217.58705482116113,174.53713607788086
89415cb687bffff->89415cb4b97ffff,28,89415cb687bffff,89415cb4b97ffff,1712.357142857143,390.07142857142856,117.348007610866,272.7234209605625,248.62852172851564
89415cb46afffff->89415cb684bffff,28,89415cb46afffff,89415cb684bffff,2016.357142857143,389.4642857142857,117.31004444190434,272.1542412723814,211.6212768554688
89415cb5db3ffff->89415cb4e3bffff,30,89415cb5db3ffff,89415cb4e3bffff,699.5666666666667,436.7,117.22521774172783,319.47478225827217,286.12866516113286
89414369647ffff->89415cb5db3ffff,52,89414369647ffff,89415cb5db3ffff,1648.576923076923,321.88461538461536,117.18125064556415,204.7033647390512,196.2768241882324
89415cb684bffff->89415ca7123ffff,21,89415cb684bffff,89415ca7123ffff,4371.142857142857,384.6666666666667,117.09116339399701,267.57550327266966,258.4100341796875
89414369647ffff->89415cb4d5bffff,64,89414369647ffff,89415cb4d5bffff,1740.515625,474.59375,116.65042469697073,357.94332530302927,250.3853942871094
89415cb684bffff->8941436945bffff,20,89415cb684bffff,8941436945bffff,2256.8,394.0,116.5084294438362,277.49157055616377,205.02437896728523
89415cb4ba3ffff->89415cb5db3ffff,20,89415cb4ba3ffff,89415cb5db3ffff,1110.35,300.15,116.49020829200745,183.65979170799253,213.87400131225593
89415ca640bffff->89415cb4b97ffff,31,89415ca640bffff,89415cb4b97ffff,903.9032258064516,288.06451612903226,116.45549296755945,171.6090231614728,238.86212158203125
89415cb4193ffff->89415cb4e3bffff,25,89415cb4193ffff,89415cb4e3bffff,1176.08,403.24,116.42154318809509,286.8184568119049,217.00491638183595
89415cb4d5bffff->89415ca7123ffff,25,89415cb4d5bffff,89415ca7123ffff,3595.68,559.6,116.25679319381715,443.3432068061829,262.0768676757813
894143682c3ffff->89415cb4d5bffff,22,894143682c3ffff,89415cb4d5bffff,2207.409090909091,374.95454545454544,116.13155941529708,258.82298603924835,212.2780502319336
89415cb46afffff->89414369617ffff,17,89415cb46afffff,89414369617ffff,3371.529411764706,426.0,115.76995024961583,310.2300497503842,284.5618103027344
89415cb4b97ffff->89415cb4987ffff,16,89415cb4b97ffff,89415cb4987ffff,553.625,298.8125,115.75480349967256,183.05769650032744,171.16232299804688
89415cb5dc7ffff->89414369617ffff,23,89415cb5dc7ffff,89414369617ffff,2744.1304347826085,487.3478260869565,115.73695248106252,371.61087360589397,179.16494140625
89415cb4cd7ffff->89415cb684bffff,24,89415cb4cd7ffff,89415cb684bffff,899.3333333333334,430.7916666666667,115.66829190651576,315.1233747601509,212.31341857910155
89415cb687bffff->89415cb49afffff,21,89415cb687bffff,89415cb49afffff,1905.4285714285713,367.6190476190476,115.3747460898899,252.2443015291577,172.1777114868164
8941436945bffff->89415cb4ba3ffff,33,8941436945bffff,89415cb4ba3ffff,726.939393939394,415.1212121212121,115.1805008523392,299.9407112688729,245.56928100585938
89415cb4d47ffff->89415cb5dc7ffff,29,89415cb4d47ffff,89415cb5dc7ffff,1709.7586206896551,447.1034482758621,115.16578957130169,331.9376587045604,253.4644897460937
89415cb4d5bffff->894143682c3ffff,28,89415cb4d5bffff,894143682c3ffff,2478.6071428571427,386.7857142857143,115.16482099464962,271.62089329106465,255.65498504638674
89415cb4ba3ffff->89414368657ffff,28,89415cb4ba3ffff,89414368657ffff,1496.4285714285713,278.57142857142856,114.9726796980415,163.59874887338705,231.63819580078126
89415cb4e3bffff->89415cb687bffff,30,89415cb4e3bffff,89415cb687bffff,1479.6333333333334,401.26666666666665,114.59398870666821,286.67267795999845,257.06235351562503
89414368657ffff->89415cb4b0fffff,24,89414368657ffff,89415cb4b0fffff,2122.8333333333335,328.2083333333333,114.56825796763103,213.64007536570227,227.5741180419922
89415cb4cd7ffff->89415cb5db3ffff,20,89415cb4cd7ffff,89415cb5db3ffff,1405.15,516.95,114.35543699860573,402.5945630013943,210.19278564453128
89415cb4cd7ffff->89414368657ffff,28,89415cb4cd7ffff,89414368657ffff,2612.8928571428573,351.39285714285717,114.08184637342181,237.31101076943537,207.46643371582033
89415cb4d47ffff->89415cb4bc3ffff,32,89415cb4d47ffff,89415cb4bc3ffff,1165.46875,510.4375,113.9987444091239,396.4387555908761,191.97767333984376
89415cb4193ffff->894143682c3ffff,26,89415cb4193ffff,894143682c3ffff,3415.3076923076924,430.96153846153845,113.8945144873399,317.06702397419855,271.84112548828125
89415cb4ba3ffff->89415cb4b0fffff,31,89415cb4ba3ffff,89415cb4b0fffff,614.4193548387096,449.7096774193548,113.82997783537834,335.8796995839765,261.1427001953125
89415cb4d47ffff->89415cb4b0fffff,25,89415cb4d47ffff,89415cb4b0fffff,1181.48,443.72,113.7999768409133,329.9200231590867,262.2885375976563
89414369617ffff->89414368657ffff,7,89414369617ffff,89414368657ffff,1354.857142857143,330.7142857142857,113.71170582090106,217.00257989338468,206.86611480712895
89414369617ffff->89415cb4cd7ffff,29,89414369617ffff,89415cb4cd7ffff,1809.4137931034484,332.1034482758621,113.58198558873144,218.52146268713065,290.9006713867187
89415cb4a47ffff->89415cb4e43ffff,29,89415cb4a47ffff,89415cb4e43ffff,832.7931034482758,397.58620689655174,113.41573679036108,284.1704701061907,220.57041015624998
89414369617ffff->89414369647ffff,65,89414369617ffff,89414369647ffff,651.8461538461538,451.7076923076923,113.34898050748384,338.3587118002084,282.64946289062505
89415cb684bffff->89415cb49afffff,20,89415cb684bffff,89415cb49afffff,1956.6,435.3,113.3126272559166,321.9873727440834,196.6908172607422
89415cb4e3bffff->89415cb4bc3ffff,31,89415cb4e3bffff,89415cb4bc3ffff,761.9354838709677,314.93548387096774,113.2876903477215,201.64779352324626,239.39361572265625
89415cb4ba3ffff->89415ca7123ffff,27,89415cb4ba3ffff,89415ca7123ffff,2844.5555555555557,448.5925925925926,113.27631828520033,335.3162743073923,218.76050415039063
8941436945bffff->89415cb684bffff,26,8941436945bffff,89415cb684bffff,2583.923076923077,419.65384615384613,113.19927688745352,306.4545692663926,239.1685562133789
89415cb4ba3ffff->89415ca640bffff,36,89415cb4ba3ffff,89415ca640bffff,1170.3333333333333,446.9166666666667,112.87816242796059,334.0385042387061,237.3652572631836
89415cb49afffff->89415cb5dc7ffff,24,89415cb49afffff,89415cb5dc7ffff,2111.0,444.4166666666667,112.61497873067856,331.8016879359881,222.3686584472656
89415cb4cd7ffff->89415cb4bc3ffff,31,89415cb4cd7ffff,89415cb4bc3ffff,1087.741935483871,286.19354838709677,111.8548765653564,174.33867182174038,259.0538330078125
89415ca7123ffff->89415cb4b97ffff,23,89415ca7123ffff,89415cb4b97ffff,2317.086956521739,340.8695652173913,111.84989305164503,229.01967216574627,230.6969909667969
89415cb684bffff->89415cb4b0fffff,23,89415cb684bffff,89415cb4b0fffff,2542.6521739130435,438.5217391304348,111.8053488238998,326.716390306535,200.50972900390624
8941436945bffff->89415cb49afffff,34,8941436945bffff,89415cb49afffff,606.7352941176471,427.61764705882354,111.42061256661134,316.1970344922122,236.5448547363281
894143682c3ffff->89415cb4193ffff,26,894143682c3ffff,89415cb4193ffff,3507.4615384615386,441.03846153846155,111.34517510206653,329.693286436395,265.2232666015625
89415cb4e3bffff->89415cb4d47ffff,26,89415cb4e3bffff,89415cb4d47ffff,1125.7692307692307,430.53846153846155,111.21890562314253,319.31955591531903,186.01744079589844
89415cb46afffff->89415cb4ba3ffff,30,89415cb46afffff,89415cb4ba3ffff,3123.133333333333,468.6333333333333,111.14067591826121,357.49265741507213,204.89321899414068
89415cb4ba3ffff->8941436945bffff,26,89415cb4ba3ffff,8941436945bffff,777.0384615384615,396.4230769230769,111.1145993746244,285.3084775484525,256.3465576171875
8941436945bffff->89415cb4e43ffff,18,8941436945bffff,89415cb4e43ffff,2140.1111111111113,465.6666666666667,110.99381595187717,354.67285071478955,201.99653625488284
89415cb684bffff->89415cb4e43ffff,15,89415cb684bffff,89415cb4e43ffff,2391.133333333333,677.7333333333333,110.97359428405761,566.7597390492757,181.51154785156248
89415cb5db3ffff->89415cb4b0fffff,29,89415cb5db3ffff,89415cb4b0fffff,1309.3793103448277,417.44827586206895,110.65767079797284,306.7906050640961,238.8108276367187
8941436945bffff->89415cb4987ffff,5,8941436945bffff,89415cb4987ffff,1027.0,633.2,110.20028686523438,522.9997131347657,236.23548583984376
89415cb4987ffff->89415ca640bffff,28,89415cb4987ffff,89415ca640bffff,1551.9285714285713,372.39285714285717,109.63412587983268,262.7587312630245,208.63375854492188
89414368657ffff->89415cb4ba3ffff,30,89414368657ffff,89415cb4ba3ffff,1761.1333333333334,381.73333333333335,109.2048237601916,272.5285095731417,251.77583312988287
89415cb4987ffff->8941436945bffff,5,89415cb4987ffff,8941436945bffff,468.4,197.6,108.92168083190919,88.67831916809081,165.14503784179686
894143682c3ffff->89415cb684bffff,16,894143682c3ffff,89415cb684bffff,2993.1875,449.8125,108.87634986639023,340.9361501336098,176.20782470703125
89415cb4193ffff->89415cb4b97ffff,23,89415cb4193ffff,89415cb4b97ffff,1606.2608695652175,421.82608695652175,108.85532533604166,312.97076162048006,205.2864990234375
89415cb46afffff->89415cb4b0fffff,28,89415cb46afffff,89415cb4b0fffff,2957.25,461.82142857142856,108.81469196294036,353.0067366084882,224.00669555664064
89415cb46afffff->89415cb4193ffff,20,89415cb46afffff,89415cb4193ffff,961.0,288.6,108.3049320012331,180.2950679987669,264.54291992187507
89415cb687bffff->89414369647ffff,50,89415cb687bffff,89414369647ffff,2318.7,372.0,108.1139800643921,263.8860199356079,194.27335243225102
89415cb4cd7ffff->89414369617ffff,35,89415cb4cd7ffff,89414369617ffff,2013.0285714285715,411.22857142857146,107.6705845466682,303.5579868819033,250.87798309326172
89415cb684bffff->89415cb4a47ffff,25,89415cb684bffff,89415cb4a47ffff,2161.92,375.76,107.60963188171387,268.1503681182861,215.8384155273438
89415ca640bffff->89414368657ffff,30,89415ca640bffff,89414368657ffff,2805.866666666667,468.6,107.08052943299214,361.5194705670079,223.1510986328126
89415cb4193ffff->89415cb4d47ffff,28,89415cb4193ffff,89415cb4d47ffff,1477.142857142857,331.9642857142857,107.06545514719826,224.89883056708746,177.56514129638674
89415cb4d5bffff->89415ca640bffff,21,89415cb4d5bffff,89415ca640bffff,1423.5714285714287,380.5238095238095,107.03895378680457,273.484855737005,229.89196014404297
89415cb4e43ffff->89415cb4d5bffff,23,89415cb4e43ffff,89415cb4d5bffff,1178.3478260869565,457.17391304347825,106.43884793571804,350.7350651077602,198.2474304199219
89414369617ffff->89415ca7123ffff,25,89414369617ffff,89415ca7123ffff,2620.12,408.0,106.32205887317657,301.67794112682344,221.13906250000005
89415cb4e43ffff->89415cb4e3bffff,20,89415cb4e43ffff,89415cb4e3bffff,475.85,328.6,105.65191308259963,222.9480869174004,291.82215270996096
89415cb4d47ffff->89415cb4e3bffff,15,89415cb4d47ffff,89415cb4e3bffff,1053.8,425.46666666666664,105.31487034161886,320.15179632504777,192.458544921875
89415cb46afffff->89415cb4bc3ffff,30,89415cb46afffff,89415cb4bc3ffff,2442.3,409.4,104.78058479626974,304.6194152037302,204.46733169555665
89415cb4b97ffff->89415cb4193ffff,25,89415cb4b97ffff,89415cb4193ffff,2341.44,474.52,104.46226184844971,370.05773815155027,207.560400390625
89415cb4e3bffff->8941436945bffff,29,89415cb4e3bffff,8941436945bffff,1786.2413793103449,415.3448275862069,104.3349734668074,311.0098541193995,253.0892578125
89415cb4987ffff->89415cb4d47ffff,25,89415cb4987ffff,89415cb4d47ffff,675.92,347.2,104.32333860397338,242.8766613960266,246.12143554687503
89414368657ffff->89415cb4d5bffff,22,89414368657ffff,89415cb4d5bffff,2258.409090909091,465.95454545454544,104.03736564246091,361.91717981208456,231.9668395996095
89415cb49afffff->8941436945bffff,26,89415cb49afffff,8941436945bffff,536.8076923076923,379.03846153846155,103.73023896950941,275.30822256895215,203.49960327148438
89414368657ffff->8941436945bffff,7,89414368657ffff,8941436945bffff,792.5714285714286,231.28571428571428,103.3500565120152,127.93565777369908,221.32095489501955
89415cb4e43ffff->89415cb4bc3ffff,28,89415cb4e43ffff,89415cb4bc3ffff,1327.8214285714287,522.2857142857143,102.46669428256739,419.81902000314693,205.75526504516603
89415cb4b97ffff->89415cb4bc3ffff,24,89415cb4b97ffff,89415cb4bc3ffff,557.9166666666666,390.9166666666667,101.5151641368866,289.4015025297801,192.9864194869995
89414369617ffff->89415cb684bffff,23,89414369617ffff,89415cb684bffff,2497.1304347826085,346.95652173913044,101.10378341571145,245.85273832341898,214.0255981445313
89415cb4b97ffff->89415cb4ba3ffff,5,89415cb4b97ffff,89415cb4ba3ffff,393.0,247.4,101.02468018531799,146.37531981468203,173.4518249511719
89415cb4e3bffff->89415cb684bffff,26,89415cb4e3bffff,89415cb684bffff,1481.6153846153845,410.15384615384613,100.84104650295697,309.31279965088913,168.70225524902344
89415cb4e43ffff->89415cb4b0fffff,13,89415cb4e43ffff,89415cb4b0fffff,1513.5384615384614,422.0,100.64870744485121,321.3512925551488,169.29881591796877
89414369617ffff->89415cb4a47ffff,27,89414369617ffff,89415cb4a47ffff,1752.8148148148148,502.7037037037037,100.63530078419933,402.06840291950436,183.0818817138672
89415cb684bffff->89415cb4d47ffff,26,89415cb684bffff,89415cb4d47ffff,1227.0384615384614,289.5769230769231,100.43230276841383,189.14462030850927,184.65473556518555
8941436945bffff->89415cb687bffff,17,8941436945bffff,89415cb687bffff,2719.5882352941176,515.2352941176471,100.18567616799298,415.0496179496541,228.9173583984375
89415cb4e43ffff->89415cb684bffff,21,89415cb4e43ffff,89415cb684bffff,2143.4761904761904,545.0,99.74357041858491,445.2564295814151,230.8984375
89415cb4bc3ffff->89415cb4987ffff,21,89415cb4bc3ffff,89415cb4987ffff,727.6190476190476,281.42857142857144,99.57940932682583,181.8491621017456,197.74861907958984
8941436945bffff->89415cb5db3ffff,28,8941436945bffff,89415cb5db3ffff,2555.75,562.2142857142857,98.59661134651729,463.61767436776836,239.21012496948254
89415cb4b97ffff->89415cb4b0fffff,23,89415cb4b97ffff,89415cb4b0fffff,693.5652173913044,441.0869565217391,97.05258460148521,344.03437192025393,222.2944580078125
89415cb4193ffff->89415cb4d5bffff,30,89415cb4193ffff,89415cb4d5bffff,907.7,262.5,96.75882593293984,165.74117406706017,175.7819564819336
89415cb687bffff->89415cb4987ffff,26,89415cb687bffff,89415cb4987ffff,1060.6153846153845,204.30769230769232,96.570191520911,107.73750078678133,221.86328125
89414368657ffff->89414369617ffff,8,89414368657ffff,89414369617ffff,1295.5,368.375,95.84344577789307,272.53155422210693,173.51119995117188
89415cb684bffff->89415cb4193ffff,25,89415cb684bffff,89415cb4193ffff,505.12,257.92,94.63948123931885,163.28051876068116,174.14865417480468
89415cb4ba3ffff->89415cb4b97ffff,9,89415cb4ba3ffff,89415cb4b97ffff,783.4444444444445,628.7777777777778,92.37107170952692,536.406706068251,231.57414550781252
89415cb4bc3ffff->89415ca7123ffff,13,89415cb4bc3ffff,89415ca7123ffff,2370.076923076923,305.7692307692308,92.27205122434177,213.497179544889,166.11787109375
89415cb46afffff->89415cb4a47ffff,23,89415cb46afffff,89415cb4a47ffff,2377.8260869565215,426.5652173913044,91.54522730377705,335.01999008752733,174.14984130859375
89415cb684bffff->89415cb4987ffff,21,89415cb684bffff,89415cb4987ffff,1885.952380952381,442.6190476190476,91.48985461961655,351.12919299943104,158.3731517791748
89415cb4d5bffff->89415cb4ba3ffff,8,89415cb4d5bffff,89415cb4ba3ffff,699.0,262.625,91.41287297010422,171.21212702989578,176.38447418212888
89415cb684bffff->894143682c3ffff,31,89415cb684bffff,894143682c3ffff,2318.032258064516,282.93548387096774,91.04855752375818,191.88692634720957,169.31994318962097
89415cb5dc7ffff->89415cb4193ffff,18,89415cb5dc7ffff,89415cb4193ffff,1528.9444444444443,482.55555555555554,89.85445221265157,392.701103342904,169.4618667602539
89415cb4e43ffff->89415cb5db3ffff,7,89415cb4e43ffff,89415cb5db3ffff,206.28571428571428,101.0,88.02581024169922,12.974189758300781,169.2430534362793
89415cb4ba3ffff->89415cb4bc3ffff,23,89415cb4ba3ffff,89415cb4bc3ffff,543.5217391304348,381.9130434782609,84.41174587218657,297.50129760607433,212.59575805664068
89415cb4d5bffff->89415cb4b97ffff,5,89415cb4d5bffff,89415cb4b97ffff,571.4,215.2,83.67751812934875,131.52248187065123,127.56888732910157
89415cb46afffff->89415cb4e3bffff,22,89415cb46afffff,89415cb4e3bffff,1911.590909090909,413.90909090909093,83.03558706449853,330.8735038445924,161.38577880859378
89415cb4d47ffff->89415cb4d5bffff,19,89415cb4d47ffff,89415cb4d5bffff,598.2631578947369,453.5263157894737,73.02643670533833,380.4998790841354,201.28181152343748
89415ca640bffff->89415cb687bffff,21,89415ca640bffff,89415cb687bffff,2677.0,371.0952380952381,72.93699471155803,298.15824338368003,117.47830200195312
89415cb5db3ffff->89415cb5dc7ffff,26,89415cb5db3ffff,89415cb5dc7ffff,580.8076923076923,404.53846153846155,67.83253591564986,336.7059256228117,153.23089218139648
89415cb4b0fffff->89414369647ffff,11,89415cb4b0fffff,89414369647ffff,740.8181818181819,386.8181818181818,63.62440074573863,323.1937810724432,139.16375732421875
