timestamp,stationId,destination_stationId,hour,hour_bin,baseline_eta_secs,actual_eta_secs,residual_secs,model_name,pred_eta_secs,pred_residual_secs,absolute_error_secs,split
2026-01-01 05:23:27,1992,323,5,early_morning,158.61,172.532774,13.922773999999976,hour_bin_xgb_log_ratio_eta,189.27634808778765,30.66634808778764,16.743574087787664,train
2026-01-01 13:24:44,1992,323,13,off_peak_midday,151.61,125.454702,-26.155298000000016,hour_bin_xgb_log_ratio_eta,180.06264755487445,28.45264755487443,54.60794555487445,train
2026-01-01 17:23:10,1992,323,17,afternoon_evening_peak,182.11,127.54909,-54.56091000000001,hour_bin_xgb_log_ratio_eta,187.89656654238703,5.786566542387021,60.34747654238703,train
2026-01-02 17:57:04,1992,323,17,afternoon_evening_peak,144.44,175.900347,31.460347000000013,hour_bin_xgb_log_ratio_eta,207.57245877742767,63.13245877742767,31.67211177742766,train
2026-01-02 18:06:26,1992,323,18,afternoon_evening_peak,144.44,185.005702,40.565702000000016,hour_bin_xgb_log_ratio_eta,207.57245877742767,63.13245877742767,22.566756777427656,train
2026-01-03 20:08:45,1992,323,20,late_evening_low_service,146.61,134.840238,-11.769762000000014,hour_bin_xgb_log_ratio_eta,169.06894367337227,22.45894367337226,34.228705673372275,train
2026-01-04 08:41:33,1992,323,8,morning_peak,133.61,155.914646,22.30464599999999,hour_bin_xgb_log_ratio_eta,156.65270973205568,23.04270973205567,0.7380637320556787,train
2026-01-04 13:25:58,1992,323,13,off_peak_midday,141.11,154.048239,12.938238999999982,hour_bin_xgb_log_ratio_eta,162.07325778841974,20.963257788419725,8.025018788419743,train
2026-01-05 07:28:48,1992,323,7,morning_peak,162.11,194.747942,32.63794199999998,hour_bin_xgb_log_ratio_eta,193.5965029370785,31.486502937078484,1.1514390629214972,train
2026-01-05 15:10:54,1992,323,15,afternoon_evening_peak,145.61,190.112815,44.502815,hour_bin_xgb_log_ratio_eta,188.19907046437265,42.58907046437264,1.9137445356273588,train
2026-01-05 16:46:45,1992,323,16,afternoon_evening_peak,192.11,164.822371,-27.28762900000001,hour_bin_xgb_log_ratio_eta,185.8072082012892,-6.302791798710814,20.984837201289196,train
2026-01-05 17:44:13,1992,323,17,afternoon_evening_peak,172.11,152.219589,-19.890411,hour_bin_xgb_log_ratio_eta,189.48432030558587,17.374320305585854,37.264731305585855,train
2026-01-05 17:55:41,1992,323,17,afternoon_evening_peak,172.11,199.359322,27.249321999999978,hour_bin_xgb_log_ratio_eta,189.48432030558587,17.374320305585854,9.875001694414124,train
2026-01-06 16:35:46,1992,323,16,afternoon_evening_peak,160.61,282.024877,121.41487699999999,hour_bin_xgb_log_ratio_eta,204.28337203741074,43.67337203741073,77.74150496258926,train
2026-01-07 07:27:24,1992,323,7,morning_peak,156.61,194.380181,37.77018099999998,hour_bin_xgb_log_ratio_eta,186.03529314398767,29.42529314398766,8.34488785601232,train
2026-01-07 15:29:52,1992,323,15,afternoon_evening_peak,181.61,199.957071,18.347071,hour_bin_xgb_log_ratio_eta,198.90287705659867,17.292877056598655,1.0541939434013443,train
2026-01-07 18:12:41,1992,323,18,afternoon_evening_peak,144.44,178.203832,33.76383200000001,hour_bin_xgb_log_ratio_eta,190.92297782421113,46.48297782421113,12.719145824211125,train
2026-01-08 07:27:44,1992,323,7,morning_peak,139.61,234.380484,94.77048399999998,hour_bin_xgb_log_ratio_eta,190.6865808439255,51.076580843925484,43.6939031560745,train
2026-01-08 08:18:58,1992,323,8,morning_peak,183.61,173.34361,-10.266390000000001,hour_bin_xgb_log_ratio_eta,179.70669886767865,-3.90330113232136,6.363088867678641,train
2026-01-08 18:56:23,1992,323,18,afternoon_evening_peak,144.44,193.764665,49.32466500000001,hour_bin_xgb_log_ratio_eta,199.54427407264708,55.10427407264709,5.779609072647077,train
2026-01-09 05:55:34,1992,323,5,early_morning,144.44,113.701563,-30.738437000000005,hour_bin_xgb_log_ratio_eta,200.4834276151657,56.04342761516571,86.78186461516572,train
2026-01-09 06:25:46,1992,323,6,early_morning,184.61,151.540279,-33.069721000000015,hour_bin_xgb_log_ratio_eta,181.52254011034967,-3.087459889650347,29.98226111034967,train
2026-01-09 07:03:28,1992,323,7,morning_peak,144.44,322.676246,178.236246,hour_bin_xgb_log_ratio_eta,203.8751282119751,59.4351282119751,118.8011177880249,train
2026-01-09 15:18:29,1992,323,15,afternoon_evening_peak,140.61,336.415586,195.805586,hour_bin_xgb_log_ratio_eta,200.25179183363917,59.64179183363916,136.16379416636084,train
2026-01-09 17:45:47,1992,323,17,afternoon_evening_peak,144.44,481.953571,337.513571,hour_bin_xgb_log_ratio_eta,207.57245877742767,63.13245877742767,274.38111222257237,train
2026-01-10 07:37:54,1992,323,7,morning_peak,138.11,150.119051,12.009051,hour_bin_xgb_log_ratio_eta,170.45954396009446,32.34954396009445,20.34049296009445,train
2026-01-10 17:02:50,1992,323,17,afternoon_evening_peak,144.44,364.23732,219.79732,hour_bin_xgb_log_ratio_eta,182.20308793067932,37.76308793067932,182.0342320693207,train
2026-01-11 08:17:58,1992,323,8,morning_peak,132.11,186.01597,53.905969999999996,hour_bin_xgb_log_ratio_eta,156.0842900002003,23.974290000200284,29.931679999799712,train
2026-01-11 18:44:08,1992,323,18,afternoon_evening_peak,151.61,144.466433,-7.143567000000019,hour_bin_xgb_log_ratio_eta,176.00652455329896,24.396524553298946,31.540091553298964,train
2026-01-12 17:24:11,1992,323,17,afternoon_evening_peak,162.61,300.140042,137.53004199999998,hour_bin_xgb_log_ratio_eta,223.91357812047008,61.303578120470064,76.22646387952992,train
2026-01-13 15:06:32,1992,323,15,afternoon_evening_peak,153.61,228.996223,75.38622299999997,hour_bin_xgb_log_ratio_eta,194.34292514801027,40.73292514801025,34.65329785198972,train
2026-01-13 15:24:35,1992,323,15,afternoon_evening_peak,153.61,220.532914,66.92291399999999,hour_bin_xgb_log_ratio_eta,194.34292514801027,40.73292514801025,26.18998885198974,train
2026-01-13 16:43:49,1992,323,16,afternoon_evening_peak,160.61,222.253618,61.643617999999975,hour_bin_xgb_log_ratio_eta,201.31134508371355,40.701345083713534,20.94227291628644,train
2026-01-14 10:16:57,1992,323,10,off_peak_midday,144.44,205.264654,60.82465400000001,hour_bin_xgb_log_ratio_eta,188.1892511987686,43.749251198768604,17.075402801231405,train
2026-01-14 11:45:11,1992,323,11,off_peak_midday,142.61,207.265681,64.65568099999999,hour_bin_xgb_log_ratio_eta,185.8049647843838,43.194964784383785,21.460716215616202,train
2026-01-14 14:18:17,1992,323,14,off_peak_midday,144.11,170.172401,26.062400999999994,hour_bin_xgb_log_ratio_eta,187.75929791092875,43.64929791092874,17.586896910928743,train
2026-01-14 16:44:45,1992,323,16,afternoon_evening_peak,182.61,154.480262,-28.129738000000003,hour_bin_xgb_log_ratio_eta,183.71587723374367,1.105877233743655,29.23561523374366,train
2026-01-14 17:46:14,1992,323,17,afternoon_evening_peak,144.44,159.48618,15.046179999999993,hour_bin_xgb_log_ratio_eta,190.92297782421113,46.48297782421113,31.43679782421114,train
2026-01-15 07:32:29,1992,323,7,morning_peak,173.61,138.980806,-34.62919400000001,hour_bin_xgb_log_ratio_eta,179.95023794174196,6.340237941741947,40.96943194174196,train
2026-01-15 07:56:43,1992,323,7,morning_peak,173.61,168.799194,-4.810806000000014,hour_bin_xgb_log_ratio_eta,179.95023794174196,6.340237941741947,11.15104394174196,train
2026-01-15 15:40:22,1992,323,15,afternoon_evening_peak,172.11,277.287797,105.177797,hour_bin_xgb_log_ratio_eta,194.32836913704872,22.21836913704871,82.95942786295129,train
2026-01-15 16:43:56,1992,323,16,afternoon_evening_peak,180.61,248.684288,68.074288,hour_bin_xgb_log_ratio_eta,204.83108565807345,24.221085658073434,43.85320234192656,train
2026-01-15 16:50:31,1992,323,16,afternoon_evening_peak,180.61,270.504265,89.89426499999996,hour_bin_xgb_log_ratio_eta,204.83108565807345,24.221085658073434,65.67317934192653,train
2026-01-15 18:03:18,1992,323,18,afternoon_evening_peak,176.61,361.549488,184.93948799999998,hour_bin_xgb_log_ratio_eta,206.0981110954285,29.48811109542848,155.4513769045715,train
2026-01-15 18:21:30,1992,323,18,afternoon_evening_peak,176.61,165.513797,-11.096203000000003,hour_bin_xgb_log_ratio_eta,206.0981110954285,29.48811109542848,40.58431409542848,train
2026-01-15 18:52:56,1992,323,18,afternoon_evening_peak,144.44,159.010799,14.570798999999994,hour_bin_xgb_log_ratio_eta,200.43025660991668,55.990256609916685,41.41945760991669,train
2026-01-16 07:35:29,1992,323,7,morning_peak,144.44,306.748056,162.30805600000002,hour_bin_xgb_log_ratio_eta,203.8751282119751,59.4351282119751,102.87292778802492,train
2026-01-20 16:54:45,1992,323,16,afternoon_evening_peak,160.61,176.473746,15.863745999999992,hour_bin_xgb_log_ratio_eta,200.11434355616572,39.50434355616571,23.640597556165716,train
2026-01-21 10:57:19,1992,323,10,off_peak_midday,144.44,198.213674,53.773674,hour_bin_xgb_log_ratio_eta,188.1892511987686,43.749251198768604,10.024422801231395,train
2026-01-21 13:06:17,1992,323,13,off_peak_midday,133.11,158.30876,25.198759999999993,hour_bin_xgb_log_ratio_eta,173.4275216495991,40.31752164959909,15.118761649599094,train
2026-01-21 18:44:40,1992,323,18,afternoon_evening_peak,144.44,216.655255,72.21525500000001,hour_bin_xgb_log_ratio_eta,190.92297782421113,46.48297782421113,25.73227717578888,train
2026-01-21 19:19:29,1992,323,19,late_evening_low_service,192.61,137.510612,-55.099388000000005,hour_bin_xgb_log_ratio_eta,168.47510785818102,-24.134892141818995,30.96449585818101,train
2026-01-22 08:51:49,1992,323,8,morning_peak,144.44,214.65625,70.21625,hour_bin_xgb_log_ratio_eta,197.28364542007446,52.843645420074466,17.372604579925536,train
2026-01-22 17:59:27,1992,323,17,afternoon_evening_peak,176.61,208.990548,32.380547999999976,hour_bin_xgb_log_ratio_eta,199.40929215788842,22.799292157888402,9.581255842111574,train
2026-01-23 07:23:48,1992,323,7,morning_peak,144.44,447.148806,302.708806,hour_bin_xgb_log_ratio_eta,203.8751282119751,59.4351282119751,243.27367778802488,train
2026-01-23 17:59:39,1992,323,17,afternoon_evening_peak,144.44,316.607726,172.16772600000002,hour_bin_xgb_log_ratio_eta,207.57245877742767,63.13245877742767,109.03526722257234,train
2026-01-23 18:13:38,1992,323,18,afternoon_evening_peak,144.44,293.304278,148.864278,hour_bin_xgb_log_ratio_eta,207.57245877742767,63.13245877742767,85.73181922257234,train
2026-01-25 06:45:10,1992,323,6,early_morning,140.0,120.540122,-19.459878000000003,hour_bin_xgb_log_ratio_eta,161.30584478378296,21.30584478378296,40.76572278378296,train
2026-01-25 12:09:58,1992,323,12,off_peak_midday,165.11,186.246179,21.136179,hour_bin_xgb_log_ratio_eta,179.20875791549685,14.098757915496833,7.0374210845031655,train
2026-01-25 14:41:01,1992,323,14,off_peak_midday,125.61,129.06082,3.4508200000000073,hour_bin_xgb_log_ratio_eta,146.3944925522804,20.784492552280412,17.333672552280404,train
2026-01-25 14:57:47,1992,323,14,off_peak_midday,125.61,241.449314,115.83931399999999,hour_bin_xgb_log_ratio_eta,146.3944925522804,20.784492552280412,95.05482144771958,train
2026-01-25 16:01:00,1992,323,16,afternoon_evening_peak,143.11,109.814938,-33.295062000000016,hour_bin_xgb_log_ratio_eta,165.60697427034378,22.49697427034377,55.792036270343786,train
2026-01-26 17:57:24,1992,323,17,afternoon_evening_peak,172.11,143.268145,-28.84185500000001,hour_bin_xgb_log_ratio_eta,189.48432030558587,17.374320305585854,46.216175305585864,train
2026-01-26 18:12:56,1992,323,18,afternoon_evening_peak,175.61,197.986014,22.376013999999998,hour_bin_xgb_log_ratio_eta,193.33764155983926,17.727641559839242,4.648372440160756,train
2026-01-27 06:57:07,1992,323,6,early_morning,127.61,209.351139,81.74113899999999,hour_bin_xgb_log_ratio_eta,163.82202216625214,36.21202216625214,45.52911683374785,train
2026-01-28 05:47:27,1992,323,5,early_morning,172.61,248.28744,75.67743999999999,hour_bin_xgb_log_ratio_eta,176.48346380352976,3.873463803529745,71.80397619647024,train
2026-01-28 18:23:28,1992,323,18,afternoon_evening_peak,144.44,168.252759,23.812759,hour_bin_xgb_log_ratio_eta,190.92297782421113,46.48297782421113,22.670218824211133,train
2026-01-28 18:59:41,1992,323,18,afternoon_evening_peak,144.44,180.079239,35.639239,hour_bin_xgb_log_ratio_eta,190.92297782421113,46.48297782421113,10.84373882421113,train
2026-01-29 05:56:59,1992,323,5,early_morning,151.11,146.897563,-4.212437000000023,hour_bin_xgb_log_ratio_eta,180.32626542806628,29.216265428066265,33.42870242806629,train
2026-01-29 06:51:28,1992,323,6,early_morning,142.11,333.943517,191.83351699999997,hour_bin_xgb_log_ratio_eta,190.87211852788926,48.76211852788924,143.07139847211073,train
2026-01-29 18:24:00,1992,323,18,afternoon_evening_peak,176.61,220.233606,43.623605999999995,hour_bin_xgb_log_ratio_eta,199.40929215788842,22.799292157888402,20.824313842111593,train
2026-01-30 10:48:25,1992,323,10,off_peak_midday,144.44,221.416963,76.97696300000001,hour_bin_xgb_log_ratio_eta,202.04227820396423,57.60227820396423,19.37468479603578,train
2026-01-31 16:36:13,1992,323,16,afternoon_evening_peak,144.44,188.516997,44.076997000000006,hour_bin_xgb_log_ratio_eta,179.9067995786667,35.466799578666695,8.61019742133331,train
2026-01-31 17:14:05,1992,323,17,afternoon_evening_peak,144.44,188.353599,43.913599000000005,hour_bin_xgb_log_ratio_eta,182.20308793067932,37.76308793067932,6.150511069320686,train
2026-01-31 21:14:51,1992,323,21,late_evening_low_service,148.61,146.834683,-1.7753170000000011,hour_bin_xgb_log_ratio_eta,163.44409340620044,14.834093406200424,16.609410406200425,train
2026-02-01 09:43:46,1992,323,9,morning_peak,159.11,225.067367,65.95736699999998,hour_bin_xgb_log_ratio_eta,171.42448315978052,12.314483159780508,53.64288384021947,train
2026-02-01 10:21:33,1992,323,10,off_peak_midday,137.11,130.264686,-6.845314000000002,hour_bin_xgb_log_ratio_eta,150.20630856871605,13.09630856871604,19.941622568716042,train
2026-02-01 14:37:18,1992,323,14,off_peak_midday,125.61,141.87961,16.269610000000014,hour_bin_xgb_log_ratio_eta,139.32496496915817,13.714964969158174,2.55464503084184,train
2026-02-01 16:48:19,1992,323,16,afternoon_evening_peak,145.11,235.108672,89.998672,hour_bin_xgb_log_ratio_eta,169.93472588181498,24.82472588181497,65.17394611818503,train
2026-02-01 18:18:38,1992,323,18,afternoon_evening_peak,137.61,153.405473,15.795472999999987,hour_bin_xgb_log_ratio_eta,160.7664373970032,23.156437397003174,7.360964397003187,train
2026-02-02 10:45:37,1992,323,10,off_peak_midday,147.61,249.612398,102.002398,hour_bin_xgb_log_ratio_eta,172.65651749372483,25.04651749372482,76.95588050627518,train
2026-02-02 16:59:53,1992,323,16,afternoon_evening_peak,192.11,172.535908,-19.574092000000007,hour_bin_xgb_log_ratio_eta,184.59246617555618,-7.517533824443831,12.056558175556177,train
2026-02-03 07:10:15,1992,323,7,morning_peak,146.61,156.961362,10.351361999999995,hour_bin_xgb_log_ratio_eta,173.69474115371705,27.084741153717033,16.73337915371704,train
2026-02-03 11:51:50,1992,323,11,off_peak_midday,176.61,171.686855,-4.923145000000005,hour_bin_xgb_log_ratio_eta,177.21878452777864,0.6087845277786244,5.53192952777863,train
2026-02-03 13:10:42,1992,323,13,off_peak_midday,161.11,168.862328,7.752327999999977,hour_bin_xgb_log_ratio_eta,178.6756133759022,17.56561337590219,9.813285375902211,train
2026-02-03 13:54:14,1992,323,13,off_peak_midday,144.44,142.829933,-1.6100669999999866,hour_bin_xgb_log_ratio_eta,171.87585989952086,27.435859899520864,29.04592689952085,train
2026-02-03 16:34:22,1992,323,16,afternoon_evening_peak,160.61,250.270297,89.66029699999999,hour_bin_xgb_log_ratio_eta,194.9340508723259,34.3240508723259,55.33624612767409,train
2026-02-03 16:44:35,1992,323,16,afternoon_evening_peak,160.61,282.663723,122.05372299999999,hour_bin_xgb_log_ratio_eta,194.9340508723259,34.3240508723259,87.72967212767409,train
2026-02-03 16:49:39,1992,323,16,afternoon_evening_peak,160.61,173.124683,12.514682999999991,hour_bin_xgb_log_ratio_eta,194.9340508723259,34.3240508723259,21.809367872325907,train
2026-02-04 18:17:52,1992,323,18,afternoon_evening_peak,144.44,232.504568,88.06456800000001,hour_bin_xgb_log_ratio_eta,187.17798620224,42.737986202239995,45.326581797760014,train
2026-02-05 08:47:30,1992,323,8,morning_peak,144.44,153.767765,9.327765,hour_bin_xgb_log_ratio_eta,174.28971678256988,29.849716782569885,20.521951782569886,train
2026-02-05 16:30:28,1992,323,16,afternoon_evening_peak,180.61,183.591879,2.981878999999992,hour_bin_xgb_log_ratio_eta,199.76483422875407,19.154834228754055,16.172955228754063,train
2026-02-05 16:46:10,1992,323,16,afternoon_evening_peak,180.61,217.573651,36.963651,hour_bin_xgb_log_ratio_eta,199.76483422875407,19.154834228754055,17.808816771245944,train
2026-02-05 16:53:32,1992,323,16,afternoon_evening_peak,180.61,145.682976,-34.92702400000002,hour_bin_xgb_log_ratio_eta,199.76483422875407,19.154834228754055,54.08185822875407,train
2026-02-05 17:02:35,1992,323,17,afternoon_evening_peak,182.11,135.068211,-47.04178900000002,hour_bin_xgb_log_ratio_eta,166.21437992632391,-15.895620073676099,31.146168926323924,train
2026-02-05 18:25:30,1992,323,18,afternoon_evening_peak,176.61,162.169883,-14.440117000000015,hour_bin_xgb_log_ratio_eta,189.09025124788286,12.480251247882848,26.920368247882863,train
2026-02-06 06:47:44,1992,323,6,early_morning,190.61,241.472063,50.86206299999998,hour_bin_xgb_log_ratio_eta,181.40262279272082,-9.207377207279194,60.06944020727917,train
2026-02-06 16:13:12,1992,323,16,afternoon_evening_peak,144.44,534.211356,389.771356,hour_bin_xgb_log_ratio_eta,189.83813779354094,45.39813779354094,344.3732182064591,train
2026-02-06 16:52:20,1992,323,16,afternoon_evening_peak,144.44,463.685515,319.245515,hour_bin_xgb_log_ratio_eta,189.83813779354094,45.39813779354094,273.8473772064591,train
2026-02-06 18:00:01,1992,323,18,afternoon_evening_peak,144.44,196.48842,52.04841999999999,hour_bin_xgb_log_ratio_eta,190.42498177051544,45.984981770515446,6.063438229484547,train
2026-02-06 18:44:32,1992,323,18,afternoon_evening_peak,144.44,256.725803,112.28580299999999,hour_bin_xgb_log_ratio_eta,190.42498177051544,45.984981770515446,66.30082122948454,train
2026-02-07 06:24:10,1992,323,6,early_morning,191.11,100.51191,-90.59809000000001,hour_bin_xgb_log_ratio_eta,165.611479100585,-25.498520899415013,65.099569100585,train
2026-02-07 07:57:34,1992,323,7,morning_peak,138.11,186.348081,48.238080999999994,hour_bin_xgb_log_ratio_eta,156.31766376018527,18.207663760185255,30.03041723981474,train
2026-02-07 15:04:21,1992,323,15,afternoon_evening_peak,188.11,230.090806,41.98080599999997,hour_bin_xgb_log_ratio_eta,191.05603578567505,2.9460357856750363,39.034770214324936,train
2026-02-09 16:57:36,1992,323,16,afternoon_evening_peak,192.11,106.979185,-85.13081500000001,hour_bin_xgb_log_ratio_eta,184.59246617555618,-7.517533824443831,77.61328117555618,train
2026-02-09 17:58:52,1992,323,17,afternoon_evening_peak,172.11,228.362833,56.25283299999998,hour_bin_xgb_log_ratio_eta,186.62934381723406,14.519343817234045,41.733489182765936,train
2026-02-09 18:20:47,1992,323,18,afternoon_evening_peak,175.61,191.375219,15.765218999999973,hour_bin_xgb_log_ratio_eta,190.42460675001146,14.81460675001145,0.9506122499885237,train
2026-02-09 19:08:45,1992,323,19,late_evening_low_service,190.11,195.424602,5.314601999999979,hour_bin_xgb_log_ratio_eta,179.30594881653786,-10.80405118346215,16.11865318346213,train
2026-02-10 08:45:11,1992,323,8,morning_peak,165.61,266.926047,101.31604699999997,hour_bin_xgb_log_ratio_eta,192.28949956774713,26.679499567747115,74.63654743225285,train
2026-02-10 16:30:14,1992,323,16,afternoon_evening_peak,160.61,164.096513,3.4865129999999738,hour_bin_xgb_log_ratio_eta,193.61083756804467,33.00083756804466,29.514324568044685,train
2026-02-10 16:46:02,1992,323,16,afternoon_evening_peak,160.61,214.738806,54.128806,hour_bin_xgb_log_ratio_eta,193.61083756804467,33.00083756804466,21.12796843195534,train
2026-02-10 17:27:52,1992,323,17,afternoon_evening_peak,161.11,199.894792,38.78479199999998,hour_bin_xgb_log_ratio_eta,194.21812528133393,33.10812528133391,5.67666671866607,train
2026-02-10 18:10:04,1992,323,18,afternoon_evening_peak,170.61,129.96713,-40.642870000000016,hour_bin_xgb_log_ratio_eta,176.335759370327,5.725759370326983,46.368629370327,train
2026-02-11 10:38:56,1992,323,10,off_peak_midday,144.44,197.431904,52.991904000000005,hour_bin_xgb_log_ratio_eta,179.01274152278899,34.57274152278899,18.419162477211017,train
2026-02-11 18:25:30,1992,323,18,afternoon_evening_peak,144.44,312.462563,168.022563,hour_bin_xgb_log_ratio_eta,187.17798620224,42.737986202239995,125.28457679776,train
2026-02-12 05:56:57,1992,323,5,early_morning,151.11,156.733146,5.623145999999991,hour_bin_xgb_log_ratio_eta,166.71816414356232,15.608164143562306,9.985018143562314,train
2026-02-12 15:59:34,1992,323,15,afternoon_evening_peak,172.11,204.54542,32.43541999999999,hour_bin_xgb_log_ratio_eta,190.3633554017544,18.25335540175439,14.182064598245603,train
2026-02-12 16:27:25,1992,323,16,afternoon_evening_peak,154.61,126.667216,-27.942784000000017,hour_bin_xgb_log_ratio_eta,187.76191250920297,33.15191250920296,61.094696509202976,train
2026-02-12 16:38:22,1992,323,16,afternoon_evening_peak,180.61,197.827347,17.21734699999999,hour_bin_xgb_log_ratio_eta,193.74060963630677,13.130609636306758,4.086737363693231,train
2026-02-12 18:25:36,1992,323,18,afternoon_evening_peak,176.61,228.355487,51.745487,hour_bin_xgb_log_ratio_eta,195.7420159327984,19.132015932798396,32.6134710672016,train
2026-02-13 12:07:28,1992,323,12,off_peak_midday,169.11,179.570234,10.460233999999986,hour_bin_xgb_log_ratio_eta,168.4345061248541,-0.6754938751459179,11.135727875145903,train
2026-02-14 06:24:03,1992,323,6,early_morning,191.11,127.953904,-63.15609600000002,hour_bin_xgb_log_ratio_eta,165.611479100585,-25.498520899415013,37.65757510058501,train
2026-02-15 10:48:39,1992,323,10,off_peak_midday,129.61,135.757809,6.147808999999995,hour_bin_xgb_log_ratio_eta,143.08104667663576,13.471046676635751,7.323237676635756,train
2026-02-21 09:42:52,1992,323,9,morning_peak,144.44,170.379745,25.939745000000016,hour_bin_xgb_log_ratio_eta,163.12074077129364,18.680740771293642,7.259004228706374,train
2026-02-21 10:10:57,1992,323,10,off_peak_midday,144.44,116.886076,-27.553923999999995,hour_bin_xgb_log_ratio_eta,161.10411675453184,16.664116754531847,44.21804075453184,train
2026-02-21 14:11:05,1992,323,14,off_peak_midday,178.11,151.297978,-26.812022000000013,hour_bin_xgb_log_ratio_eta,174.9166520690918,-3.193347930908203,23.61867406909181,train
2026-02-21 16:42:22,1992,323,16,afternoon_evening_peak,144.44,189.247543,44.80754300000001,hour_bin_xgb_log_ratio_eta,174.48600870609283,30.046008706092834,14.761534293907175,train
2026-02-22 05:27:19,1992,323,5,early_morning,122.11,115.681382,-6.428618,hour_bin_xgb_log_ratio_eta,135.8702813386917,13.760281338691712,20.188899338691712,train
2026-02-22 08:43:33,1992,323,8,morning_peak,133.61,128.765517,-4.844483000000025,hour_bin_xgb_log_ratio_eta,148.20422584533694,14.594225845336922,19.438708845336947,train
2026-02-22 16:28:52,1992,323,16,afternoon_evening_peak,143.11,167.208697,24.098696999999987,hour_bin_xgb_log_ratio_eta,165.70191340088846,22.591913400888444,1.506783599111543,train
2026-02-23 16:24:45,1992,323,16,afternoon_evening_peak,144.44,142.923988,-1.5160119999999893,hour_bin_xgb_log_ratio_eta,179.16175119876863,34.72175119876863,36.23776319876862,train
2026-02-23 16:38:04,1992,323,16,afternoon_evening_peak,192.11,142.607197,-49.502803,hour_bin_xgb_log_ratio_eta,184.59246617555618,-7.517533824443831,41.98526917555617,train
2026-02-23 18:57:44,1992,323,18,afternoon_evening_peak,172.11,125.516936,-46.59306400000001,hour_bin_xgb_log_ratio_eta,186.62934381723406,14.519343817234045,61.11240781723406,train
2026-02-24 07:31:19,1992,323,7,morning_peak,149.11,169.297446,20.187445999999994,hour_bin_xgb_log_ratio_eta,167.4532179093361,18.34321790933609,1.8442280906639041,train
2026-02-25 06:09:54,1992,323,6,early_morning,142.11,244.457375,102.347375,hour_bin_xgb_log_ratio_eta,176.12503944754602,34.015039447546,68.332335552454,train
2026-02-25 10:45:15,1992,323,10,off_peak_midday,144.44,163.233489,18.793488999999994,hour_bin_xgb_log_ratio_eta,179.01274152278899,34.57274152278899,15.779252522788994,train
2026-02-25 16:49:00,1992,323,16,afternoon_evening_peak,182.61,175.40009,-7.209910000000008,hour_bin_xgb_log_ratio_eta,182.01220675349236,-0.5977932465076492,6.612116753492359,train
2026-02-26 08:42:51,1992,323,8,morning_peak,144.44,153.926297,9.486297000000008,hour_bin_xgb_log_ratio_eta,172.44658727645873,28.00658727645873,18.520290276458724,train
2026-02-26 13:51:06,1992,323,13,off_peak_midday,172.61,127.447877,-45.16212300000001,hour_bin_xgb_log_ratio_eta,155.0933301949501,-17.5166698050499,27.645453194950107,train
2026-02-26 16:25:27,1992,323,16,afternoon_evening_peak,154.61,141.471597,-13.138403000000011,hour_bin_xgb_log_ratio_eta,182.54799998760225,27.93799998760224,41.07640298760225,train
2026-02-26 16:49:50,1992,323,16,afternoon_evening_peak,180.61,106.659528,-73.95047200000002,hour_bin_xgb_log_ratio_eta,171.51667216956616,-9.09332783043385,64.85714416956617,train
2026-02-26 18:08:09,1992,323,18,afternoon_evening_peak,176.61,186.561094,9.951093999999983,hour_bin_xgb_log_ratio_eta,167.71806362807752,-8.891936371922498,18.84303037192248,train
2026-02-26 18:11:33,1992,323,18,afternoon_evening_peak,176.61,111.552723,-65.05727700000001,hour_bin_xgb_log_ratio_eta,167.71806362807752,-8.891936371922498,56.165340628077516,train
2026-02-27 05:47:39,1992,323,5,early_morning,144.44,119.710764,-24.729236,hour_bin_xgb_log_ratio_eta,177.35085489273072,32.910854892730725,57.640090892730726,train
2026-02-27 16:45:00,1992,323,16,afternoon_evening_peak,144.44,143.686219,-0.7537810000000036,hour_bin_xgb_log_ratio_eta,189.83813779354094,45.39813779354094,46.15191879354094,train
2026-02-27 16:57:38,1992,323,16,afternoon_evening_peak,144.44,128.991148,-15.448851999999988,hour_bin_xgb_log_ratio_eta,189.83813779354094,45.39813779354094,60.84698979354093,train
2026-02-27 18:06:51,1992,323,18,afternoon_evening_peak,144.44,131.112207,-13.327792999999986,hour_bin_xgb_log_ratio_eta,190.42498177051544,45.984981770515446,59.31277477051543,train
2026-02-28 05:42:56,1992,323,5,early_morning,165.11,143.476798,-21.63320200000001,hour_bin_xgb_log_ratio_eta,171.0916151058674,5.981615105867377,27.614817105867388,train
2026-02-28 13:41:34,1992,323,13,off_peak_midday,163.61,165.951452,2.3414519999999754,hour_bin_xgb_log_ratio_eta,168.2600645852089,4.650064585208895,2.3086125852089197,train
2026-02-28 17:24:37,1992,323,17,afternoon_evening_peak,144.44,169.216706,24.77670599999999,hour_bin_xgb_log_ratio_eta,175.66580925941466,31.22580925941466,6.44910325941467,train
2026-02-28 18:19:48,1992,323,18,afternoon_evening_peak,144.44,152.080916,7.640916000000004,hour_bin_xgb_log_ratio_eta,175.66580925941466,31.22580925941466,23.584893259414656,train
2026-03-01 04:46:14,1992,323,4,other,121.61,115.338834,-6.271165999999994,hour_bin_xgb_log_ratio_eta,132.96025584220885,11.350255842208853,17.621421842208846,train
2026-03-01 11:18:25,1992,323,11,off_peak_midday,172.11,177.917302,5.807301999999993,hour_bin_xgb_log_ratio_eta,171.39638410985472,-0.7136158901452916,6.5209178901452844,train
2026-03-02 12:04:32,1992,323,12,off_peak_midday,157.11,132.108958,-25.001042000000012,hour_bin_xgb_log_ratio_eta,168.86452724933625,11.754527249336235,36.75556924933625,train
2026-03-02 17:09:03,1992,323,17,afternoon_evening_peak,162.61,464.346872,301.736872,hour_bin_xgb_log_ratio_eta,215.85787174820902,53.24787174820901,248.489000251791,train
2026-03-02 17:55:55,1992,323,17,afternoon_evening_peak,172.11,159.193826,-12.916174000000012,hour_bin_xgb_log_ratio_eta,187.4132615876198,15.303261587619772,28.219435587619785,train
2026-03-02 18:03:32,1992,323,18,afternoon_evening_peak,175.61,224.094324,48.48432399999999,hour_bin_xgb_log_ratio_eta,191.22446614027024,15.614466140270224,32.86985785972976,train
2026-03-02 18:12:00,1992,323,18,afternoon_evening_peak,175.61,222.891994,47.281994,hour_bin_xgb_log_ratio_eta,191.22446614027024,15.614466140270224,31.667527859729773,train
2026-03-02 18:19:58,1992,323,18,afternoon_evening_peak,175.61,157.527725,-18.08227500000001,hour_bin_xgb_log_ratio_eta,191.22446614027024,15.614466140270224,33.696741140270234,train
2026-03-03 06:31:55,1992,323,6,early_morning,127.61,149.613385,22.003384999999994,hour_bin_xgb_log_ratio_eta,146.16530628800393,18.555306288003933,3.448078711996061,train
2026-03-03 07:23:45,1992,323,7,morning_peak,146.61,179.378821,32.768820999999974,hour_bin_xgb_log_ratio_eta,164.43648735165598,17.82648735165597,14.942333648344004,train
2026-03-03 15:24:57,1992,323,15,afternoon_evening_peak,153.61,169.847855,16.237854999999996,hour_bin_xgb_log_ratio_eta,183.70490351200107,30.094903512001054,13.857048512001057,train
2026-03-03 16:28:38,1992,323,16,afternoon_evening_peak,189.11,122.040953,-67.06904700000001,hour_bin_xgb_log_ratio_eta,193.18334787487984,4.073347874879829,71.14239487487984,train
2026-03-03 17:47:35,1992,323,17,afternoon_evening_peak,181.61,185.577081,3.967080999999979,hour_bin_xgb_log_ratio_eta,197.40329592704774,15.793295927047723,11.826214927047744,train
2026-03-04 05:44:39,1992,323,5,early_morning,172.61,205.923949,33.31394899999998,hour_bin_xgb_log_ratio_eta,173.94754823565484,1.3375482356548218,31.976400764345158,train
2026-03-04 06:21:15,1992,323,6,early_morning,142.11,200.015886,57.90588599999998,hour_bin_xgb_log_ratio_eta,168.4565176677704,26.3465176677704,31.55936833222958,train
2026-03-04 06:48:42,1992,323,6,early_morning,159.11,226.065157,66.95515699999999,hour_bin_xgb_log_ratio_eta,176.54154358506204,17.43154358506203,49.523613414937955,train
2026-03-04 07:16:09,1992,323,7,morning_peak,156.61,116.226052,-40.38394800000002,hour_bin_xgb_log_ratio_eta,170.54823190093043,13.938231900930418,54.322179900930436,train
2026-03-04 10:47:59,1992,323,10,off_peak_midday,144.44,254.950271,110.51027099999999,hour_bin_xgb_log_ratio_eta,169.33739208221436,24.897392082214367,85.61287891778562,train
2026-03-04 13:37:52,1992,323,13,off_peak_midday,159.61,134.813429,-24.796571,hour_bin_xgb_log_ratio_eta,173.70717648506167,14.097176485061652,38.89374748506165,train
2026-03-04 17:43:14,1992,323,17,afternoon_evening_peak,144.44,188.390242,43.950242,hour_bin_xgb_log_ratio_eta,178.36148280143738,33.92148280143738,10.028759198562625,train
2026-03-05 07:22:15,1992,323,7,morning_peak,139.61,161.266,21.655999999999977,hour_bin_xgb_log_ratio_eta,156.08491625785828,16.47491625785827,5.181083742141709,train
2026-03-05 12:29:40,1992,323,12,off_peak_midday,139.61,145.172321,5.562320999999997,hour_bin_xgb_log_ratio_eta,157.4687325334549,17.858732533454884,12.296411533454886,train
2026-03-05 16:18:03,1992,323,16,afternoon_evening_peak,154.61,249.707966,95.09796599999999,hour_bin_xgb_log_ratio_eta,183.14634229183198,28.53634229183197,66.56162370816801,train
2026-03-05 16:59:08,1992,323,16,afternoon_evening_peak,180.61,200.898159,20.28815899999998,hour_bin_xgb_log_ratio_eta,183.02611881136895,2.416118811368932,17.872040188631047,train
2026-03-06 06:31:46,1992,323,6,early_morning,190.61,151.366614,-39.243386000000015,hour_bin_xgb_log_ratio_eta,186.80396142840388,-3.806038571596133,35.43734742840388,train
2026-03-06 07:16:18,1992,323,7,morning_peak,144.44,120.194174,-24.245825999999994,hour_bin_xgb_log_ratio_eta,164.82908315658568,20.389083156585684,44.63490915658568,train
2026-03-06 13:58:15,1992,323,13,off_peak_midday,178.61,146.251245,-32.358755,hour_bin_xgb_log_ratio_eta,182.5121582710743,3.902158271074285,36.26091327107429,train
2026-03-06 17:42:38,1992,323,17,afternoon_evening_peak,144.44,200.307564,55.867564000000016,hour_bin_xgb_log_ratio_eta,178.70020689964295,34.26020689964295,21.607357100357063,train
2026-03-07 06:45:10,1992,323,6,early_morning,135.61,163.966572,28.356572,hour_bin_xgb_log_ratio_eta,149.4371436262131,13.827143626213086,14.529428373786914,train
2026-03-07 13:01:25,1992,323,13,off_peak_midday,158.11,157.622065,-0.48793500000002155,hour_bin_xgb_log_ratio_eta,161.9090958607197,3.7990958607196887,4.28703086071971,train
2026-03-07 14:45:38,1992,323,14,off_peak_midday,171.11,134.004628,-37.10537200000002,hour_bin_xgb_log_ratio_eta,167.547475900054,-3.5625240999460175,33.542847900054,train
2026-03-07 16:26:41,1992,323,16,afternoon_evening_peak,144.44,169.290396,24.85039599999999,hour_bin_xgb_log_ratio_eta,170.09397691726684,25.653976917266846,0.8035809172668564,train
2026-03-07 17:00:11,1992,323,17,afternoon_evening_peak,144.44,153.993669,9.553669000000014,hour_bin_xgb_log_ratio_eta,170.22185938358308,25.781859383583082,16.22819038358307,train
2026-03-08 11:58:40,1992,323,11,off_peak_midday,171.11,159.926111,-11.183889000000022,hour_bin_xgb_log_ratio_eta,170.40053038775923,-0.7094696122407811,10.47441938775924,train
2026-03-08 16:46:14,1992,323,16,afternoon_evening_peak,145.11,141.944366,-3.1656340000000114,hour_bin_xgb_log_ratio_eta,168.20496637344363,23.09496637344361,26.260600373443623,train
2026-03-09 04:39:53,1992,323,4,other,129.61,105.69429,-23.91571000000002,hour_bin_xgb_log_ratio_eta,145.7244787788391,16.1144787788391,40.03018877883912,train
2026-03-09 05:19:43,1992,323,5,early_morning,153.11,154.818586,1.7085859999999968,hour_bin_xgb_log_ratio_eta,166.63720431089402,13.527204310894007,11.81861831089401,train
2026-03-09 06:15:19,1992,323,6,early_morning,136.11,134.005744,-2.1042560000000208,hour_bin_xgb_log_ratio_eta,153.02508226990702,16.915082269907003,19.019338269907024,train
2026-03-09 16:23:14,1992,323,16,afternoon_evening_peak,144.44,209.414962,64.974962,hour_bin_xgb_log_ratio_eta,171.4323434638977,26.992343463897697,37.98261853610231,train
2026-03-09 16:43:52,1992,323,16,afternoon_evening_peak,192.11,313.60008,121.49007999999998,hour_bin_xgb_log_ratio_eta,197.8368356394768,5.726835639476775,115.7632443605232,train
2026-03-09 16:46:09,1992,323,16,afternoon_evening_peak,192.11,257.633232,65.52323200000001,hour_bin_xgb_log_ratio_eta,197.8368356394768,5.726835639476775,59.79639636052323,train
2026-03-09 18:02:26,1992,323,18,afternoon_evening_peak,175.61,108.253739,-67.35626100000002,hour_bin_xgb_log_ratio_eta,174.4489603841305,-1.1610396158695266,66.19522138413049,train
2026-03-09 19:21:11,1992,323,19,late_evening_low_service,190.11,145.144576,-44.96542400000001,hour_bin_xgb_log_ratio_eta,178.6121701312065,-11.497829868793502,33.46759413120651,train
2026-03-10 07:40:30,1992,323,7,morning_peak,149.11,125.614876,-23.49512400000002,hour_bin_xgb_log_ratio_eta,161.91093357920647,12.800933579206458,36.296057579206476,train
2026-03-10 16:56:55,1992,323,16,afternoon_evening_peak,160.61,148.919548,-11.690452000000022,hour_bin_xgb_log_ratio_eta,187.86398956179622,27.253989561796203,38.944441561796225,train
2026-03-11 05:50:07,1992,323,5,early_morning,172.61,130.612319,-41.997681,hour_bin_xgb_log_ratio_eta,173.43049652934076,0.820496529340744,42.818177529340744,train
2026-03-11 08:41:06,1992,323,8,morning_peak,179.61,142.215702,-37.39429800000002,hour_bin_xgb_log_ratio_eta,175.6284839308262,-3.981516069173807,33.41278193082621,train
2026-03-11 16:12:45,1992,323,16,afternoon_evening_peak,171.61,182.154717,10.544716999999991,hour_bin_xgb_log_ratio_eta,186.868803794384,15.258803794383994,4.714086794384002,train
2026-03-11 16:24:05,1992,323,16,afternoon_evening_peak,171.61,174.03233,2.422329999999988,hour_bin_xgb_log_ratio_eta,186.868803794384,15.258803794383994,12.836473794384005,train
2026-03-11 18:23:52,1992,323,18,afternoon_evening_peak,144.44,170.824392,26.38439199999999,hour_bin_xgb_log_ratio_eta,178.36148280143738,33.92148280143738,7.537090801437387,train
2026-03-12 16:48:00,1992,323,16,afternoon_evening_peak,180.61,403.212852,222.60285199999998,hour_bin_xgb_log_ratio_eta,206.41632519721986,25.80632519721985,196.79652680278014,train
2026-03-12 17:26:10,1992,323,17,afternoon_evening_peak,182.11,196.882018,14.772017999999974,hour_bin_xgb_log_ratio_eta,199.0889201939106,16.978920193910596,2.206902193910622,train
2026-03-12 17:32:18,1992,323,17,afternoon_evening_peak,176.61,215.894019,39.28401899999997,hour_bin_xgb_log_ratio_eta,201.8447881793976,25.234788179397583,14.04923082060239,train
2026-03-12 17:59:55,1992,323,17,afternoon_evening_peak,176.61,226.356253,49.746252999999996,hour_bin_xgb_log_ratio_eta,201.8447881793976,25.234788179397583,24.511464820602413,train
2026-03-12 18:58:24,1992,323,18,afternoon_evening_peak,144.44,135.777184,-8.662815999999992,hour_bin_xgb_log_ratio_eta,173.91815683364868,29.478156833648683,38.140972833648675,train
2026-03-13 05:23:40,1992,323,5,early_morning,150.61,173.044782,22.434781999999984,hour_bin_xgb_log_ratio_eta,164.6371520113945,14.027152011394492,8.407629988605493,train
2026-03-13 06:23:54,1992,323,6,early_morning,184.61,195.935527,11.325526999999994,hour_bin_xgb_log_ratio_eta,183.49177978813648,-1.1182202118635303,12.443747211863524,train
2026-03-13 12:06:22,1992,323,12,off_peak_midday,169.11,116.921048,-52.188952000000015,hour_bin_xgb_log_ratio_eta,167.93866348206998,-1.1713365179300297,51.017615482069985,train
2026-03-13 16:18:07,1992,323,16,afternoon_evening_peak,144.44,143.994139,-0.44586100000000783,hour_bin_xgb_log_ratio_eta,179.30599132537841,34.86599132537842,35.311852325378425,train
2026-03-13 17:23:31,1992,323,17,afternoon_evening_peak,144.44,244.009806,99.569806,hour_bin_xgb_log_ratio_eta,179.86029216766357,35.420292167663575,64.14951383233642,train
2026-03-13 18:05:51,1992,323,18,afternoon_evening_peak,144.44,158.519179,14.07917900000001,hour_bin_xgb_log_ratio_eta,178.70020689964295,34.26020689964295,20.18102789964294,train
2026-03-13 18:17:33,1992,323,18,afternoon_evening_peak,144.44,151.060325,6.620325000000008,hour_bin_xgb_log_ratio_eta,178.70020689964295,34.26020689964295,27.639881899642944,train
2026-03-14 07:30:35,1992,323,7,morning_peak,138.11,150.932069,12.822068999999999,hour_bin_xgb_log_ratio_eta,151.15145970344545,13.04145970344544,0.2193907034454412,train
2026-03-14 08:24:30,1992,323,8,morning_peak,162.61,126.477462,-36.13253800000001,hour_bin_xgb_log_ratio_eta,170.71069808125498,8.100698081254961,44.23323608125497,train
2026-03-14 09:06:41,1992,323,9,morning_peak,144.44,215.30098,70.86098000000001,hour_bin_xgb_log_ratio_eta,157.7297036218643,13.289703621864305,57.57127637813571,val
2026-03-14 16:22:46,1992,323,16,afternoon_evening_peak,144.44,195.730668,51.29066800000001,hour_bin_xgb_log_ratio_eta,171.99513307094574,27.555133070945743,23.735534929054268,val
2026-03-14 16:52:58,1992,323,16,afternoon_evening_peak,144.44,223.631432,79.19143199999999,hour_bin_xgb_log_ratio_eta,171.99513307094574,27.555133070945743,51.63629892905425,val
2026-03-14 18:10:53,1992,323,18,afternoon_evening_peak,144.44,891.276558,746.836558,hour_bin_xgb_log_ratio_eta,173.15805940628053,28.71805940628053,718.1184985937196,val
2026-03-15 13:28:49,1992,323,13,off_peak_midday,141.11,265.851588,124.74158799999998,hour_bin_xgb_log_ratio_eta,151.56359565973284,10.453595659732827,114.28799234026715,val
2026-03-15 15:27:14,1992,323,15,afternoon_evening_peak,137.61,105.603747,-32.006253000000015,hour_bin_xgb_log_ratio_eta,158.06128781318665,20.45128781318664,52.457540813186654,val
2026-03-16 08:17:39,1992,323,8,morning_peak,170.11,196.244438,26.13443799999999,hour_bin_xgb_log_ratio_eta,171.21559430122377,1.1055943012237606,25.028843698776228,val
2026-03-16 14:47:01,1992,323,14,off_peak_midday,146.61,197.674791,51.064790999999985,hour_bin_xgb_log_ratio_eta,164.29189786434176,17.68189786434175,33.382893135658236,val
2026-03-16 16:46:26,1992,323,16,afternoon_evening_peak,192.11,147.024577,-45.08542300000002,hour_bin_xgb_log_ratio_eta,197.8368356394768,5.726835639476775,50.812258639476795,val
2026-03-16 17:50:59,1992,323,17,afternoon_evening_peak,172.11,103.462509,-68.64749100000002,hour_bin_xgb_log_ratio_eta,187.4132615876198,15.303261587619772,83.95075258761979,val
2026-03-17 05:44:42,1992,323,5,early_morning,155.61,110.284911,-45.32508900000002,hour_bin_xgb_log_ratio_eta,170.98995417237282,15.379954172372805,60.705043172372825,val
2026-03-17 06:33:06,1992,323,6,early_morning,127.61,193.98498,66.37498000000001,hour_bin_xgb_log_ratio_eta,146.16530628800393,18.555306288003933,47.819673711996074,val
2026-03-17 07:27:22,1992,323,7,morning_peak,146.61,191.282736,44.672735999999986,hour_bin_xgb_log_ratio_eta,164.43648735165598,17.82648735165597,26.846248648344016,val
2026-03-17 12:21:09,1992,323,12,off_peak_midday,176.61,145.978647,-30.63135300000002,hour_bin_xgb_log_ratio_eta,176.69709854722024,0.08709854722022214,30.71845154722024,val
2026-03-17 16:19:18,1992,323,16,afternoon_evening_peak,189.11,193.950412,4.840411999999986,hour_bin_xgb_log_ratio_eta,193.18334787487984,4.073347874879829,0.7670641251201573,val
2026-03-17 17:02:33,1992,323,17,afternoon_evening_peak,161.11,144.507318,-16.602682000000016,hour_bin_xgb_log_ratio_eta,194.0073223257065,32.89732232570648,49.5000043257065,val
2026-03-17 18:05:31,1992,323,18,afternoon_evening_peak,170.61,144.754188,-25.855812000000014,hour_bin_xgb_log_ratio_eta,185.77988820791245,15.169888207912436,41.02570020791245,val
2026-03-18 10:47:45,1992,323,10,off_peak_midday,144.44,243.250156,98.810156,hour_bin_xgb_log_ratio_eta,169.33739208221436,24.897392082214367,73.91276391778564,val
2026-03-18 11:22:49,1992,323,11,off_peak_midday,162.11,141.30336,-20.806640000000016,hour_bin_xgb_log_ratio_eta,177.64445431232454,15.534454312324527,36.34109431232454,val
2026-03-18 17:51:27,1992,323,17,afternoon_evening_peak,144.44,164.467814,20.027814000000006,hour_bin_xgb_log_ratio_eta,178.36148280143738,33.92148280143738,13.893668801437371,val
2026-03-18 18:12:02,1992,323,18,afternoon_evening_peak,144.44,239.381413,94.94141300000001,hour_bin_xgb_log_ratio_eta,178.36148280143738,33.92148280143738,61.01993019856263,val
2026-03-19 16:28:29,1992,323,16,afternoon_evening_peak,154.61,215.77052,61.16051999999999,hour_bin_xgb_log_ratio_eta,184.3353043329716,29.725304332971575,31.435215667028416,val
2026-03-19 16:33:28,1992,323,16,afternoon_evening_peak,180.61,203.409707,22.799706999999984,hour_bin_xgb_log_ratio_eta,194.55441530942917,13.94441530942916,8.855291690570823,val
2026-03-19 17:40:35,1992,323,17,afternoon_evening_peak,176.61,122.599616,-54.010384000000016,hour_bin_xgb_log_ratio_eta,201.8447881793976,25.234788179397583,79.2451721793976,val
2026-03-19 18:22:31,1992,323,18,afternoon_evening_peak,176.61,166.513777,-10.096223000000009,hour_bin_xgb_log_ratio_eta,196.16110795140267,19.551107951402656,29.647330951402665,val
2026-03-20 07:51:06,1992,323,7,morning_peak,144.44,219.560744,75.120744,hour_bin_xgb_log_ratio_eta,164.82908315658568,20.389083156585684,54.73166084341432,val
2026-03-20 13:56:25,1992,323,13,off_peak_midday,178.61,156.699012,-21.910988000000003,hour_bin_xgb_log_ratio_eta,182.5121582710743,3.902158271074285,25.813146271074288,val
2026-03-20 14:45:20,1992,323,14,off_peak_midday,169.61,272.775825,103.16582499999998,hour_bin_xgb_log_ratio_eta,167.90016274750235,-1.709837252497664,104.87566225249765,val
2026-03-20 15:17:11,1992,323,15,afternoon_evening_peak,140.61,150.870688,10.260687999999988,hour_bin_xgb_log_ratio_eta,174.61088230133058,34.00088230133056,23.740194301330575,val
2026-03-20 16:47:18,1992,323,16,afternoon_evening_peak,144.44,287.300599,142.86059899999998,hour_bin_xgb_log_ratio_eta,179.30599132537841,34.86599132537842,107.99460767462156,val
2026-03-20 17:42:09,1992,323,17,afternoon_evening_peak,144.44,191.498743,47.05874299999999,hour_bin_xgb_log_ratio_eta,179.86029216766357,35.420292167663575,11.638450832336417,val
2026-03-21 05:30:32,1992,323,5,early_morning,165.11,197.100975,31.99097499999999,hour_bin_xgb_log_ratio_eta,170.63363930344582,5.523639303445805,26.467335696554187,val
2026-03-21 06:00:28,1992,323,6,early_morning,191.11,166.358352,-24.751648000000017,hour_bin_xgb_log_ratio_eta,176.23121241509915,-14.878787584900863,9.872860415099154,val
2026-03-21 06:17:05,1992,323,6,early_morning,191.11,203.728744,12.618743999999992,hour_bin_xgb_log_ratio_eta,176.23121241509915,-14.878787584900863,27.497531584900855,val
2026-03-21 12:30:53,1992,323,12,off_peak_midday,146.61,151.191171,4.5811709999999835,hour_bin_xgb_log_ratio_eta,154.86304839134218,8.253048391342162,3.6718773913421785,val
2026-03-21 13:22:22,1992,323,13,off_peak_midday,158.11,112.862173,-45.247827000000015,hour_bin_xgb_log_ratio_eta,161.9090958607197,3.7990958607196887,49.046922860719704,val
2026-03-21 15:38:15,1992,323,15,afternoon_evening_peak,159.61,128.891307,-30.718693000000002,hour_bin_xgb_log_ratio_eta,185.930974098444,26.320974098443997,57.039667098444,val
2026-03-21 16:34:01,1992,323,16,afternoon_evening_peak,144.44,187.575016,43.13501600000001,hour_bin_xgb_log_ratio_eta,171.99513307094574,27.555133070945743,15.579882929054264,val
2026-03-21 16:57:52,1992,323,16,afternoon_evening_peak,144.44,162.205217,17.765217000000007,hour_bin_xgb_log_ratio_eta,171.99513307094574,27.555133070945743,9.789916070945736,val
2026-03-22 10:02:32,1992,323,10,off_peak_midday,137.11,74.19985,-62.910150000000016,hour_bin_xgb_log_ratio_eta,147.5935782313347,10.48357823133469,73.3937282313347,val
2026-03-22 14:52:18,1992,323,14,off_peak_midday,125.61,149.00237,23.392370000000014,hour_bin_xgb_log_ratio_eta,136.9015325188637,11.29153251886369,12.100837481136324,val
2026-03-22 17:43:47,1992,323,17,afternoon_evening_peak,140.61,178.325573,37.71557299999998,hour_bin_xgb_log_ratio_eta,162.2396580040455,21.629658004045496,16.085914995954482,val
2026-03-23 07:13:15,1992,323,7,morning_peak,162.11,143.093382,-19.016618000000022,hour_bin_xgb_log_ratio_eta,176.0877081680298,13.977708168029778,32.9943261680298,val
2026-03-23 09:34:14,1992,323,9,morning_peak,165.11,254.498329,89.388329,hour_bin_xgb_log_ratio_eta,187.35463738799098,22.244637387990963,67.14369161200904,val
2026-03-23 14:01:48,1992,323,14,off_peak_midday,162.11,197.558863,35.44886299999999,hour_bin_xgb_log_ratio_eta,175.44001086711884,13.33001086711883,22.11885213288116,val
2026-03-23 14:10:14,1992,323,14,off_peak_midday,162.11,129.531295,-32.578705000000014,hour_bin_xgb_log_ratio_eta,175.44001086711884,13.33001086711883,45.90871586711884,val
2026-03-23 15:07:42,1992,323,15,afternoon_evening_peak,145.61,136.421588,-9.188412,hour_bin_xgb_log_ratio_eta,174.7851052629948,29.175105262994776,38.363517262994776,test
2026-03-23 17:13:37,1992,323,17,afternoon_evening_peak,162.61,122.145718,-40.46428200000001,hour_bin_xgb_log_ratio_eta,215.85787174820902,53.24787174820901,93.71215374820902,test
2026-03-23 18:06:04,1992,323,18,afternoon_evening_peak,175.61,191.93058,16.32057999999998,hour_bin_xgb_log_ratio_eta,191.22446614027024,15.614466140270224,0.7061138597297543,test
2026-03-23 18:11:54,1992,323,18,afternoon_evening_peak,175.61,264.974134,89.36413399999998,hour_bin_xgb_log_ratio_eta,191.22446614027024,15.614466140270224,73.74966785972975,test
2026-03-23 19:00:37,1992,323,19,late_evening_low_service,190.11,178.022474,-12.087526000000025,hour_bin_xgb_log_ratio_eta,187.23293630182744,-2.8770636981725772,9.210462301827448,test
2026-03-24 04:42:16,1992,323,4,other,156.11,156.959874,0.8498739999999998,hour_bin_xgb_log_ratio_eta,171.53937244296074,15.429372442960727,14.579498442960727,test
2026-03-24 05:41:49,1992,323,5,early_morning,155.61,188.977326,33.36732599999999,hour_bin_xgb_log_ratio_eta,170.98995417237282,15.379954172372805,17.987371827627186,test
2026-03-24 06:35:21,1992,323,6,early_morning,127.61,146.27907,18.66906999999999,hour_bin_xgb_log_ratio_eta,146.16530628800393,18.555306288003933,0.11376371199605728,test
2026-03-24 07:10:39,1992,323,7,morning_peak,146.61,197.943323,51.33332299999998,hour_bin_xgb_log_ratio_eta,164.43648735165598,17.82648735165597,33.50683564834401,test
2026-03-24 10:53:58,1992,323,10,off_peak_midday,157.11,139.44808,-17.66192000000001,hour_bin_xgb_log_ratio_eta,170.49166283369067,13.381662833690655,31.043582833690664,test
2026-03-24 13:28:15,1992,323,13,off_peak_midday,161.11,171.611727,10.501726999999988,hour_bin_xgb_log_ratio_eta,176.03782999992373,14.927829999923716,4.426102999923728,test
2026-03-24 16:11:02,1992,323,16,afternoon_evening_peak,189.11,165.432266,-23.677734000000015,hour_bin_xgb_log_ratio_eta,193.18334787487984,4.073347874879829,27.751081874879844,test
2026-03-24 16:42:27,1992,323,16,afternoon_evening_peak,160.61,146.307438,-14.302562000000023,hour_bin_xgb_log_ratio_eta,192.07632675647739,31.466326756477372,45.768888756477395,test
2026-03-24 17:15:52,1992,323,17,afternoon_evening_peak,161.11,144.267011,-16.842989000000017,hour_bin_xgb_log_ratio_eta,194.0073223257065,32.89732232570648,49.7403113257065,test
2026-03-24 17:40:15,1992,323,17,afternoon_evening_peak,181.61,178.367721,-3.242279000000025,hour_bin_xgb_log_ratio_eta,197.40329592704774,15.793295927047723,19.035574927047747,test
2026-03-24 18:31:05,1992,323,18,afternoon_evening_peak,144.44,157.162467,12.722466999999995,hour_bin_xgb_log_ratio_eta,171.9622972202301,27.522297220230115,14.79983022023012,test
2026-03-25 04:54:45,1992,323,4,other,148.11,128.15681,-19.953190000000006,hour_bin_xgb_log_ratio_eta,168.20831326246264,20.098313262462625,40.05150326246263,test
2026-03-25 06:52:43,1992,323,6,early_morning,159.11,192.903437,33.79343699999998,hour_bin_xgb_log_ratio_eta,175.3431838810444,16.233183881044397,17.560253118955586,test
2026-03-25 08:12:13,1992,323,8,morning_peak,140.61,125.118076,-15.491924000000012,hour_bin_xgb_log_ratio_eta,162.8988243699074,22.28882436990739,37.7807483699074,test
2026-03-25 13:00:16,1992,323,13,off_peak_midday,133.11,168.780527,35.67052699999999,hour_bin_xgb_log_ratio_eta,156.0544188594818,22.9444188594818,12.726108140518193,test
2026-03-25 18:03:50,1992,323,18,afternoon_evening_peak,144.44,158.792614,14.352613999999988,hour_bin_xgb_log_ratio_eta,178.36148280143738,33.92148280143738,19.56886880143739,test
2026-03-25 19:51:33,1992,323,19,late_evening_low_service,144.44,130.993052,-13.446947999999992,hour_bin_xgb_log_ratio_eta,169.34136957645416,24.901369576454158,38.34831757645415,test
2026-03-26 05:36:31,1992,323,5,early_morning,151.11,137.43289,-13.677110000000027,hour_bin_xgb_log_ratio_eta,162.4824550509453,11.372455050945291,25.04956505094532,test
2026-03-26 06:50:53,1992,323,6,early_morning,142.11,167.002425,24.892424999999974,hour_bin_xgb_log_ratio_eta,160.96899173855783,18.85899173855782,6.0334332614421555,test
2026-03-26 09:39:29,1992,323,9,morning_peak,158.61,181.688713,23.078712999999993,hour_bin_xgb_log_ratio_eta,169.04817529320718,10.438175293207166,12.640537706792827,test
2026-03-26 11:54:10,1992,323,11,off_peak_midday,164.11,135.097632,-29.01236800000001,hour_bin_xgb_log_ratio_eta,179.38059250831606,15.270592508316042,44.28296050831605,test
2026-03-26 14:08:31,1992,323,14,off_peak_midday,182.61,223.594038,40.984038,hour_bin_xgb_log_ratio_eta,181.5038941937685,-1.1061058062315112,42.09014380623151,test
2026-03-26 15:35:53,1992,323,15,afternoon_evening_peak,172.11,217.078088,44.968087999999995,hour_bin_xgb_log_ratio_eta,191.1629482448101,19.052948244810096,25.915139755189898,test
2026-03-26 16:47:03,1992,323,16,afternoon_evening_peak,180.61,330.1481,149.5381,hour_bin_xgb_log_ratio_eta,200.60391657948495,19.99391657948493,129.54418342051505,test
2026-03-26 17:04:02,1992,323,17,afternoon_evening_peak,182.11,297.490746,115.38074599999999,hour_bin_xgb_log_ratio_eta,193.48284397125246,11.37284397125245,104.00790202874754,test
2026-03-26 17:29:04,1992,323,17,afternoon_evening_peak,182.11,407.100183,224.990183,hour_bin_xgb_log_ratio_eta,193.48284397125246,11.37284397125245,213.61733902874755,test
2026-03-26 18:03:07,1992,323,18,afternoon_evening_peak,176.61,245.359421,68.74942099999998,hour_bin_xgb_log_ratio_eta,196.16110795140267,19.551107951402656,49.19831304859733,test
2026-03-26 18:27:55,1992,323,18,afternoon_evening_peak,176.61,141.924353,-34.68564700000002,hour_bin_xgb_log_ratio_eta,196.16110795140267,19.551107951402656,54.23675495140267,test
2026-03-27 15:11:44,1992,323,15,afternoon_evening_peak,140.61,144.048183,3.438182999999981,hour_bin_xgb_log_ratio_eta,174.55147770881655,33.941477708816535,30.503294708816554,test
2026-03-27 15:54:01,1992,323,15,afternoon_evening_peak,144.44,206.373481,61.933481,hour_bin_xgb_log_ratio_eta,179.30599132537841,34.86599132537842,27.067489674621584,test
2026-03-27 16:58:22,1992,323,16,afternoon_evening_peak,144.44,225.852017,81.41201699999999,hour_bin_xgb_log_ratio_eta,179.30599132537841,34.86599132537842,46.546025674621575,test
2026-03-27 17:50:50,1992,323,17,afternoon_evening_peak,144.44,108.892335,-35.547664999999995,hour_bin_xgb_log_ratio_eta,179.86029216766357,35.420292167663575,70.96795716766357,test
2026-03-27 18:19:11,1992,323,18,afternoon_evening_peak,144.44,271.776229,127.336229,hour_bin_xgb_log_ratio_eta,179.86029216766357,35.420292167663575,91.91593683233643,test
2026-03-27 18:57:16,1992,323,18,afternoon_evening_peak,144.44,157.876949,13.436948999999998,hour_bin_xgb_log_ratio_eta,179.86029216766357,35.420292167663575,21.983343167663577,test
2026-03-28 04:44:24,1992,323,4,other,124.11,172.533917,48.423917,hour_bin_xgb_log_ratio_eta,136.64608043789863,12.536080437898633,35.88783656210137,test
2026-03-28 07:44:59,1992,323,7,morning_peak,138.11,186.696968,48.586967999999985,hour_bin_xgb_log_ratio_eta,151.15145970344545,13.04145970344544,35.545508296554544,test
2026-03-28 16:12:35,1992,323,16,afternoon_evening_peak,144.44,128.70132,-15.738679999999988,hour_bin_xgb_log_ratio_eta,171.99513307094574,27.555133070945743,43.29381307094573,test
2026-03-28 16:28:58,1992,323,16,afternoon_evening_peak,144.44,136.662447,-7.777553000000012,hour_bin_xgb_log_ratio_eta,171.99513307094574,27.555133070945743,35.332686070945755,test
2026-03-28 16:53:29,1992,323,16,afternoon_evening_peak,144.44,154.558682,10.118682000000007,hour_bin_xgb_log_ratio_eta,171.99513307094574,27.555133070945743,17.436451070945736,test
2026-03-30 14:55:58,1992,323,14,off_peak_midday,146.61,153.086086,6.476085999999981,hour_bin_xgb_log_ratio_eta,164.29189786434176,17.68189786434175,11.205811864341769,test
2026-03-30 16:24:10,1992,323,16,afternoon_evening_peak,144.44,127.109001,-17.33099899999999,hour_bin_xgb_log_ratio_eta,171.4323434638977,26.992343463897697,44.32334246389769,test
2026-03-30 18:21:39,1992,323,18,afternoon_evening_peak,175.61,142.48942,-33.12058000000002,hour_bin_xgb_log_ratio_eta,191.22446614027024,15.614466140270224,48.73504614027024,test
