timestamp,stationId,destination_stationId,hour,baseline_eta_secs,actual_eta_secs,residual_secs,model_name,pred_eta_secs,pred_residual_secs,absolute_error_secs,split
2026-01-01 05:23:27,1992,323,5,158.61,172.532774,13.922773999999976,xgb_residual_eta,181.89343772888185,23.283437728881836,9.36066372888186,train
2026-01-01 13:24:44,1992,323,13,151.61,125.454702,-26.155298000000016,xgb_residual_eta,188.96104751586915,37.35104751586914,63.50634551586916,train
2026-01-01 17:23:10,1992,323,17,182.11,127.54909,-54.56091000000001,xgb_residual_eta,192.0377400970459,9.927740097045898,64.4886500970459,train
2026-01-02 17:57:04,1992,323,17,144.44,175.900347,31.460347000000013,xgb_residual_eta,242.44768280029297,98.00768280029297,66.54733580029296,train
2026-01-02 18:06:26,1992,323,18,144.44,185.005702,40.565702000000016,xgb_residual_eta,228.53656524658203,84.09656524658203,43.530863246582015,train
2026-01-03 20:08:45,1992,323,20,146.61,134.840238,-11.769762000000014,xgb_residual_eta,160.51348720550538,13.903487205505371,25.673249205505385,train
2026-01-04 08:41:33,1992,323,8,133.61,155.914646,22.30464599999999,xgb_residual_eta,167.4541848754883,33.84418487548828,11.53953887548829,train
2026-01-04 13:25:58,1992,323,13,141.11,154.048239,12.938238999999982,xgb_residual_eta,170.92667518615724,29.816675186157227,16.878436186157245,train
2026-01-05 07:28:48,1992,323,7,162.11,194.747942,32.63794199999998,xgb_residual_eta,200.5591310119629,38.44913101196289,5.8111890119629095,train
2026-01-05 15:10:54,1992,323,15,145.61,190.112815,44.502815,xgb_residual_eta,192.40913330078126,46.79913330078125,2.2963183007812518,train
2026-01-05 16:46:45,1992,323,16,192.11,164.822371,-27.28762900000001,xgb_residual_eta,190.78961156368257,-1.3203884363174438,25.967240563682566,train
2026-01-05 17:44:13,1992,323,17,172.11,152.219589,-19.890411,xgb_residual_eta,193.6439641571045,21.533964157104492,41.42437515710449,train
2026-01-05 17:55:41,1992,323,17,172.11,199.359322,27.249321999999978,xgb_residual_eta,193.6439641571045,21.533964157104492,5.715357842895486,train
2026-01-06 16:35:46,1992,323,16,160.61,282.024877,121.41487699999999,xgb_residual_eta,211.71069274902345,51.10069274902344,70.31418425097655,train
2026-01-07 07:27:24,1992,323,7,156.61,194.380181,37.77018099999998,xgb_residual_eta,191.91605697631837,35.30605697631836,2.46412402368162,train
2026-01-07 15:29:52,1992,323,15,181.61,199.957071,18.347071,xgb_residual_eta,197.4421876525879,15.83218765258789,2.514883347412109,train
2026-01-07 18:12:41,1992,323,18,144.44,178.203832,33.76383200000001,xgb_residual_eta,194.8591017150879,50.41910171508789,16.655269715087883,train
2026-01-08 07:27:44,1992,323,7,139.61,234.380484,94.77048399999998,xgb_residual_eta,215.2415612792969,75.63156127929688,19.138922720703107,train
2026-01-08 08:18:58,1992,323,8,183.61,173.34361,-10.266390000000001,xgb_residual_eta,186.32865344047548,2.718653440475464,12.985043440475465,train
2026-01-08 18:56:23,1992,323,18,144.44,193.764665,49.32466500000001,xgb_residual_eta,214.0856527709961,69.6456527709961,20.320987770996084,train
2026-01-09 05:55:34,1992,323,5,144.44,113.701563,-30.738437000000005,xgb_residual_eta,195.91796630859375,51.47796630859375,82.21640330859375,train
2026-01-09 06:25:46,1992,323,6,184.61,151.540279,-33.069721000000015,xgb_residual_eta,196.82433830261232,12.214338302612305,45.28405930261232,train
2026-01-09 07:03:28,1992,323,7,144.44,322.676246,178.236246,xgb_residual_eta,239.09998077392578,94.65998077392578,83.57626522607421,train
2026-01-09 15:18:29,1992,323,15,140.61,336.415586,195.805586,xgb_residual_eta,238.61768280029298,98.00768280029297,97.79790319970704,train
2026-01-09 17:45:47,1992,323,17,144.44,481.953571,337.513571,xgb_residual_eta,242.44768280029297,98.00768280029297,239.50588819970704,train
2026-01-10 07:37:54,1992,323,7,138.11,150.119051,12.009051,xgb_residual_eta,178.1911996459961,40.081199645996094,28.072148645996094,train
2026-01-10 17:02:50,1992,323,17,144.44,364.23732,219.79732,xgb_residual_eta,190.66288513183594,46.22288513183594,173.57443486816408,train
2026-01-11 08:17:58,1992,323,8,132.11,186.01597,53.905969999999996,xgb_residual_eta,165.9541848754883,33.84418487548828,20.061785124511715,train
2026-01-11 18:44:08,1992,323,18,151.61,144.466433,-7.143567000000019,xgb_residual_eta,189.36676727294923,37.75676727294922,44.90033427294924,train
2026-01-12 17:24:11,1992,323,17,162.61,300.140042,137.53004199999998,xgb_residual_eta,229.6948083496094,67.08480834960938,70.4452336503906,train
2026-01-13 15:06:32,1992,323,15,153.61,228.996223,75.38622299999997,xgb_residual_eta,202.32528244018556,48.71528244018555,26.670940559814426,train
2026-01-13 15:24:35,1992,323,15,153.61,220.532914,66.92291399999999,xgb_residual_eta,202.32528244018556,48.71528244018555,18.207631559814445,train
2026-01-13 16:43:49,1992,323,16,160.61,222.253618,61.643617999999975,xgb_residual_eta,208.27260528564454,47.66260528564453,13.981012714355444,train
2026-01-14 10:16:57,1992,323,10,144.44,205.264654,60.82465400000001,xgb_residual_eta,192.97372955322265,48.533729553222656,12.290924446777353,train
2026-01-14 11:45:11,1992,323,11,142.61,207.265681,64.65568099999999,xgb_residual_eta,187.65144668579103,45.041446685791016,19.61423431420897,train
2026-01-14 14:18:17,1992,323,14,144.11,170.172401,26.062400999999994,xgb_residual_eta,192.9590562438965,48.849056243896484,22.78665524389649,train
2026-01-14 16:44:45,1992,323,16,182.61,154.480262,-28.129738000000003,xgb_residual_eta,182.4743497824669,-0.13565021753311157,27.99408778246689,train
2026-01-14 17:46:14,1992,323,17,144.44,159.48618,15.046179999999993,xgb_residual_eta,195.71979278564453,51.27979278564453,36.23361278564454,train
2026-01-15 07:32:29,1992,323,7,173.61,138.980806,-34.62919400000001,xgb_residual_eta,189.46656452178956,15.85656452178955,50.48575852178956,train
2026-01-15 07:56:43,1992,323,7,173.61,168.799194,-4.810806000000014,xgb_residual_eta,189.46656452178956,15.85656452178955,20.667370521789564,train
2026-01-15 15:40:22,1992,323,15,172.11,277.287797,105.177797,xgb_residual_eta,204.1904138183594,32.080413818359375,73.09738318164062,train
2026-01-15 16:43:56,1992,323,16,180.61,248.684288,68.074288,xgb_residual_eta,212.6904138183594,32.080413818359375,35.99387418164062,train
2026-01-15 16:50:31,1992,323,16,180.61,270.504265,89.89426499999996,xgb_residual_eta,212.6904138183594,32.080413818359375,57.81385118164059,train
2026-01-15 18:03:18,1992,323,18,176.61,361.549488,184.93948799999998,xgb_residual_eta,215.69213043212892,39.082130432128906,145.85735756787108,train
2026-01-15 18:21:30,1992,323,18,176.61,165.513797,-11.096203000000003,xgb_residual_eta,215.69213043212892,39.082130432128906,50.17833343212891,train
2026-01-15 18:52:56,1992,323,18,144.44,159.010799,14.570798999999994,xgb_residual_eta,213.4323095703125,68.9923095703125,54.421510570312506,train
2026-01-16 07:35:29,1992,323,7,144.44,306.748056,162.30805600000002,xgb_residual_eta,239.09998077392578,94.65998077392578,67.64807522607424,train
2026-01-20 16:54:45,1992,323,16,160.61,176.473746,15.863745999999992,xgb_residual_eta,204.01163803100587,43.40163803100586,27.537892031005867,train
2026-01-21 10:57:19,1992,323,10,144.44,198.213674,53.773674,xgb_residual_eta,192.97372955322265,48.533729553222656,5.2399444467773435,train
2026-01-21 13:06:17,1992,323,13,133.11,158.30876,25.198759999999993,xgb_residual_eta,176.93596588134767,43.825965881347656,18.627205881347663,train
2026-01-21 18:44:40,1992,323,18,144.44,216.655255,72.21525500000001,xgb_residual_eta,194.8591017150879,50.41910171508789,21.796153284912123,train
2026-01-21 19:19:29,1992,323,19,192.61,137.510612,-55.099388000000005,xgb_residual_eta,187.61864601135255,-4.991353988647461,50.108034011352544,train
2026-01-22 08:51:49,1992,323,8,144.44,214.65625,70.21625,xgb_residual_eta,220.07156127929687,75.63156127929688,5.415311279296873,train
2026-01-22 17:59:27,1992,323,17,176.61,208.990548,32.380547999999976,xgb_residual_eta,208.17401443481447,31.564014434814453,0.816533565185523,train
2026-01-23 07:23:48,1992,323,7,144.44,447.148806,302.708806,xgb_residual_eta,239.09998077392578,94.65998077392578,208.0488252260742,train
2026-01-23 17:59:39,1992,323,17,144.44,316.607726,172.16772600000002,xgb_residual_eta,242.44768280029297,98.00768280029297,74.16004319970705,train
2026-01-23 18:13:38,1992,323,18,144.44,293.304278,148.864278,xgb_residual_eta,228.53656524658203,84.09656524658203,64.76771275341798,train
2026-01-25 06:45:10,1992,323,6,140.0,120.540122,-19.459878000000003,xgb_residual_eta,172.03418731689453,32.03418731689453,51.494065316894535,train
2026-01-25 12:09:58,1992,323,12,165.11,186.246179,21.136179,xgb_residual_eta,189.97608123779298,24.86608123779297,3.7299022377929703,train
2026-01-25 14:41:01,1992,323,14,125.61,129.06082,3.4508200000000073,xgb_residual_eta,160.1940644836426,34.58406448364259,31.133244483642585,train
2026-01-25 14:57:47,1992,323,14,125.61,241.449314,115.83931399999999,xgb_residual_eta,160.1940644836426,34.58406448364259,81.2552495163574,train
2026-01-25 16:01:00,1992,323,16,143.11,109.814938,-33.295062000000016,xgb_residual_eta,179.39980255126954,36.28980255126953,69.58486455126955,train
2026-01-26 17:57:24,1992,323,17,172.11,143.268145,-28.84185500000001,xgb_residual_eta,193.6439641571045,21.533964157104492,50.3758191571045,train
2026-01-26 18:12:56,1992,323,18,175.61,197.986014,22.376013999999998,xgb_residual_eta,195.44357810974122,19.83357810974121,2.542435890258787,train
2026-01-27 06:57:07,1992,323,6,127.61,209.351139,81.74113899999999,xgb_residual_eta,175.1432374572754,47.533237457275405,34.207901542724585,train
2026-01-28 05:47:27,1992,323,5,172.61,248.28744,75.67743999999999,xgb_residual_eta,184.03943191528322,11.429431915283203,64.24800808471679,train
2026-01-28 18:23:28,1992,323,18,144.44,168.252759,23.812759,xgb_residual_eta,194.8591017150879,50.41910171508789,26.60634271508789,train
2026-01-28 18:59:41,1992,323,18,144.44,180.079239,35.639239,xgb_residual_eta,194.8591017150879,50.41910171508789,14.779862715087887,train
2026-01-29 05:56:59,1992,323,5,151.11,146.897563,-4.212437000000023,xgb_residual_eta,174.39343772888185,23.283437728881836,27.49587472888186,train
2026-01-29 06:51:28,1992,323,6,142.11,333.943517,191.83351699999997,xgb_residual_eta,212.83042083740236,70.72042083740234,121.11309616259763,train
2026-01-29 18:24:00,1992,323,18,176.61,220.233606,43.623605999999995,xgb_residual_eta,207.02337776184083,30.41337776184082,13.210228238159175,train
2026-01-30 10:48:25,1992,323,10,144.44,221.416963,76.97696300000001,xgb_residual_eta,238.39500946044922,93.95500946044922,16.978046460449207,train
2026-01-31 16:36:13,1992,323,16,144.44,188.516997,44.076997000000006,xgb_residual_eta,186.96681732177734,42.526817321777344,1.550179678222662,train
2026-01-31 17:14:05,1992,323,17,144.44,188.353599,43.913599000000005,xgb_residual_eta,190.66288513183594,46.22288513183594,2.3092861318359326,train
2026-01-31 21:14:51,1992,323,21,148.61,146.834683,-1.7753170000000011,xgb_residual_eta,165.748334274292,17.138334274291992,18.913651274291993,train
2026-02-01 09:43:46,1992,323,9,159.11,225.067367,65.95736699999998,xgb_residual_eta,179.1882470703125,20.0782470703125,45.87911992968748,train
2026-02-01 10:21:33,1992,323,10,137.11,130.264686,-6.845314000000002,xgb_residual_eta,158.88723693847658,21.777236938476562,28.622550938476564,train
2026-02-01 14:37:18,1992,323,14,125.61,141.87961,16.269610000000014,xgb_residual_eta,148.31006179809572,22.700061798095717,6.430451798095703,train
2026-02-01 16:48:19,1992,323,16,145.11,235.108672,89.998672,xgb_residual_eta,181.58869110107423,36.47869110107422,53.51998089892578,train
2026-02-01 18:18:38,1992,323,18,137.61,153.405473,15.795472999999987,xgb_residual_eta,171.92969070434572,34.3196907043457,18.524217704345716,train
2026-02-02 10:45:37,1992,323,10,147.61,249.612398,102.002398,xgb_residual_eta,181.09072814941408,33.48072814941406,68.52166985058594,train
2026-02-02 16:59:53,1992,323,16,192.11,172.535908,-19.574092000000007,xgb_residual_eta,192.49703405857088,0.3870340585708618,19.96112605857087,train
2026-02-03 07:10:15,1992,323,7,146.61,156.961362,10.351361999999995,xgb_residual_eta,180.09374176025392,33.483741760253906,23.13237976025391,train
2026-02-03 11:51:50,1992,323,11,176.61,171.686855,-4.923145000000005,xgb_residual_eta,178.76848350524904,2.1584835052490234,7.081628505249029,train
2026-02-03 13:10:42,1992,323,13,161.11,168.862328,7.752327999999977,xgb_residual_eta,180.68543563842775,19.575435638427734,11.823107638427757,train
2026-02-03 13:54:14,1992,323,13,144.44,142.829933,-1.6100669999999866,xgb_residual_eta,171.89358276367187,27.453582763671875,29.06364976367186,train
2026-02-03 16:34:22,1992,323,16,160.61,250.270297,89.66029699999999,xgb_residual_eta,201.7871926879883,41.17719268798828,48.483104312011704,train
2026-02-03 16:44:35,1992,323,16,160.61,282.663723,122.05372299999999,xgb_residual_eta,201.7871926879883,41.17719268798828,80.87653031201171,train
2026-02-03 16:49:39,1992,323,16,160.61,173.124683,12.514682999999991,xgb_residual_eta,201.7871926879883,41.17719268798828,28.66250968798829,train
2026-02-04 18:17:52,1992,323,18,144.44,232.504568,88.06456800000001,xgb_residual_eta,197.0722784423828,52.63227844238281,35.432289557617196,train
2026-02-05 08:47:30,1992,323,8,144.44,153.767765,9.327765,xgb_residual_eta,198.24271911621094,53.80271911621094,44.47495411621094,train
2026-02-05 16:30:28,1992,323,16,180.61,183.591879,2.981878999999992,xgb_residual_eta,206.89160858154298,26.28160858154297,23.299729581542977,train
2026-02-05 16:46:10,1992,323,16,180.61,217.573651,36.963651,xgb_residual_eta,206.89160858154298,26.28160858154297,10.68204241845703,train
2026-02-05 16:53:32,1992,323,16,180.61,145.682976,-34.92702400000002,xgb_residual_eta,206.89160858154298,26.28160858154297,61.208632581542986,train
2026-02-05 17:02:35,1992,323,17,182.11,135.068211,-47.04178900000002,xgb_residual_eta,171.36145053863527,-10.748549461364746,36.29323953863528,train
2026-02-05 18:25:30,1992,323,18,176.61,162.169883,-14.440117000000015,xgb_residual_eta,194.77439437866212,18.16439437866211,32.604511378662124,train
2026-02-06 06:47:44,1992,323,6,190.61,241.472063,50.86206299999998,xgb_residual_eta,185.1814068412781,-5.428593158721924,56.2906561587219,train
2026-02-06 16:13:12,1992,323,16,144.44,534.211356,389.771356,xgb_residual_eta,221.09367126464844,76.65367126464844,313.1176847353516,train
2026-02-06 16:52:20,1992,323,16,144.44,463.685515,319.245515,xgb_residual_eta,221.09367126464844,76.65367126464844,242.59184373535157,train
2026-02-06 18:00:01,1992,323,18,144.44,196.48842,52.04841999999999,xgb_residual_eta,206.4478353881836,62.007835388183594,9.9594153881836,train
2026-02-06 18:44:32,1992,323,18,144.44,256.725803,112.28580299999999,xgb_residual_eta,206.4478353881836,62.007835388183594,50.27796761181639,train
2026-02-07 06:24:10,1992,323,6,191.11,100.51191,-90.59809000000001,xgb_residual_eta,176.0168241119385,-15.093175888061523,75.50491411193849,train
2026-02-07 07:57:34,1992,323,7,138.11,186.348081,48.238080999999994,xgb_residual_eta,164.59820877075197,26.488208770751953,21.74987222924804,train
2026-02-07 15:04:21,1992,323,15,188.11,230.090806,41.98080599999997,xgb_residual_eta,198.76865993499757,10.658659934997559,31.322146065002414,train
2026-02-09 16:57:36,1992,323,16,192.11,106.979185,-85.13081500000001,xgb_residual_eta,192.49703405857088,0.3870340585708618,85.51784905857087,train
2026-02-09 17:58:52,1992,323,17,172.11,228.362833,56.25283299999998,xgb_residual_eta,191.83944068908693,19.729440689086914,36.52339231091307,train
2026-02-09 18:20:47,1992,323,18,175.61,191.375219,15.765218999999973,xgb_residual_eta,192.90436492919923,17.29436492919922,1.5291459291992453,train
2026-02-09 19:08:45,1992,323,19,190.11,195.424602,5.314601999999979,xgb_residual_eta,187.89231191635133,-2.2176880836486816,7.532290083648661,train
2026-02-10 08:45:11,1992,323,8,165.61,266.926047,101.31604699999997,xgb_residual_eta,203.37911926269533,37.76911926269531,63.54692773730466,train
2026-02-10 16:30:14,1992,323,16,160.61,164.096513,3.4865129999999738,xgb_residual_eta,201.7871926879883,41.17719268798828,37.69067968798831,train
2026-02-10 16:46:02,1992,323,16,160.61,214.738806,54.128806,xgb_residual_eta,201.7871926879883,41.17719268798828,12.951613312011716,train
2026-02-10 17:27:52,1992,323,17,161.11,199.894792,38.78479199999998,xgb_residual_eta,203.01219497680665,41.90219497680664,3.117402976806659,train
2026-02-10 18:10:04,1992,323,18,170.61,129.96713,-40.642870000000016,xgb_residual_eta,178.06832490921022,7.458324909210205,48.10119490921022,train
2026-02-11 10:38:56,1992,323,10,144.44,197.431904,52.991904000000005,xgb_residual_eta,183.8217253112793,39.3817253112793,13.610178688720708,train
2026-02-11 18:25:30,1992,323,18,144.44,312.462563,168.022563,xgb_residual_eta,197.0722784423828,52.63227844238281,115.39028455761718,train
2026-02-12 05:56:57,1992,323,5,151.11,156.733146,5.623145999999991,xgb_residual_eta,163.76078258514406,12.650782585144043,7.027636585144052,train
2026-02-12 15:59:34,1992,323,15,172.11,204.54542,32.43541999999999,xgb_residual_eta,197.96328102111818,25.853281021118164,6.582138978881829,train
2026-02-12 16:27:25,1992,323,16,154.61,126.667216,-27.942784000000017,xgb_residual_eta,200.59083877563478,45.980838775634766,73.92362277563478,train
2026-02-12 16:38:22,1992,323,16,180.61,197.827347,17.21734699999999,xgb_residual_eta,206.5898164367676,25.979816436767578,8.762469436767589,train
2026-02-12 18:25:36,1992,323,18,176.61,228.355487,51.745487,xgb_residual_eta,200.57097564697267,23.960975646972656,27.78451135302734,train
2026-02-13 12:07:28,1992,323,12,169.11,179.570234,10.460233999999986,xgb_residual_eta,173.95725093841554,4.847250938415527,5.612983061584458,train
2026-02-14 06:24:03,1992,323,6,191.11,127.953904,-63.15609600000002,xgb_residual_eta,176.0168241119385,-15.093175888061523,48.062920111938496,train
2026-02-15 10:48:39,1992,323,10,129.61,135.757809,6.147808999999995,xgb_residual_eta,151.38723693847658,21.777236938476562,15.629427938476567,train
2026-02-21 09:42:52,1992,323,9,144.44,170.379745,25.939745000000016,xgb_residual_eta,170.92820877075195,26.488208770751953,0.5484637707519369,train
2026-02-21 10:10:57,1992,323,10,144.44,116.886076,-27.553923999999995,xgb_residual_eta,170.2232374572754,25.78323745727539,53.337161457275386,train
2026-02-21 14:11:05,1992,323,14,178.11,151.297978,-26.812022000000013,xgb_residual_eta,174.75585638046266,-3.3541436195373535,23.45787838046266,train
2026-02-21 16:42:22,1992,323,16,144.44,189.247543,44.80754300000001,xgb_residual_eta,183.50361770629883,39.06361770629883,5.7439252937011815,train
2026-02-22 05:27:19,1992,323,5,122.11,115.681382,-6.428618,xgb_residual_eta,126.04513941764831,3.9351394176483154,10.363757417648316,train
2026-02-22 08:43:33,1992,323,8,133.61,128.765517,-4.844483000000025,xgb_residual_eta,156.09220825195314,22.482208251953125,27.32669125195315,train
2026-02-22 16:28:52,1992,323,16,143.11,167.208697,24.098696999999987,xgb_residual_eta,178.16762100219728,35.057621002197266,10.958924002197278,train
2026-02-23 16:24:45,1992,323,16,144.44,142.923988,-1.5160119999999893,xgb_residual_eta,189.75169128417969,45.31169128417969,46.82770328417968,train
2026-02-23 16:38:04,1992,323,16,192.11,142.607197,-49.502803,xgb_residual_eta,192.49703405857088,0.3870340585708618,49.88983705857086,train
2026-02-23 18:57:44,1992,323,18,172.11,125.516936,-46.59306400000001,xgb_residual_eta,189.40436492919923,17.29436492919922,63.88742892919923,train
2026-02-24 07:31:19,1992,323,7,149.11,169.297446,20.187445999999994,xgb_residual_eta,176.95870529174806,27.848705291748047,7.661259291748053,train
2026-02-25 06:09:54,1992,323,6,142.11,244.457375,102.347375,xgb_residual_eta,185.28334365844728,43.173343658447266,59.174031341552734,train
2026-02-25 10:45:15,1992,323,10,144.44,163.233489,18.793488999999994,xgb_residual_eta,183.8217253112793,39.3817253112793,20.588236311279303,train
2026-02-25 16:49:00,1992,323,16,182.61,175.40009,-7.209910000000008,xgb_residual_eta,184.09647344112398,1.4864734411239624,8.69638344112397,train
2026-02-26 08:42:51,1992,323,8,144.44,153.926297,9.486297000000008,xgb_residual_eta,194.27342742919922,49.83342742919922,40.34713042919921,train
2026-02-26 13:51:06,1992,323,13,172.61,127.447877,-45.16212300000001,xgb_residual_eta,154.5670941925049,-18.042905807495117,27.11921719250489,train
2026-02-26 16:25:27,1992,323,16,154.61,141.471597,-13.138403000000011,xgb_residual_eta,187.69704376220704,33.08704376220703,46.22544676220704,train
2026-02-26 16:49:50,1992,323,16,180.61,106.659528,-73.95047200000002,xgb_residual_eta,176.1209510421753,-4.489048957824707,69.46142304217531,train
2026-02-26 18:08:09,1992,323,18,176.61,186.561094,9.951093999999983,xgb_residual_eta,169.65514837265016,-6.9548516273498535,16.905945627349837,train
2026-02-26 18:11:33,1992,323,18,176.61,111.552723,-65.05727700000001,xgb_residual_eta,169.65514837265016,-6.9548516273498535,58.10242537265016,train
2026-02-27 05:47:39,1992,323,5,144.44,119.710764,-24.729236,xgb_residual_eta,172.03335136413574,27.593351364135742,52.32258736413574,train
2026-02-27 16:45:00,1992,323,16,144.44,143.686219,-0.7537810000000036,xgb_residual_eta,221.09367126464844,76.65367126464844,77.40745226464844,train
2026-02-27 16:57:38,1992,323,16,144.44,128.991148,-15.448851999999988,xgb_residual_eta,221.09367126464844,76.65367126464844,92.10252326464843,train
2026-02-27 18:06:51,1992,323,18,144.44,131.112207,-13.327792999999986,xgb_residual_eta,205.79449600219726,61.354496002197266,74.68228900219725,train
2026-02-28 05:42:56,1992,323,5,165.11,143.476798,-21.63320200000001,xgb_residual_eta,166.36536859035493,1.2553685903549194,22.88857059035493,train
2026-02-28 13:41:34,1992,323,13,163.61,165.951452,2.3414519999999754,xgb_residual_eta,171.0474966621399,7.437496662139893,5.096044662139917,train
2026-02-28 17:24:37,1992,323,17,144.44,169.216706,24.77670599999999,xgb_residual_eta,187.19968170166015,42.759681701660156,17.982975701660166,train
2026-02-28 18:19:48,1992,323,18,144.44,152.080916,7.640916000000004,xgb_residual_eta,182.76569122314453,38.32569122314453,30.684775223144527,train
2026-03-01 04:46:14,1992,323,4,121.61,115.338834,-6.271165999999994,xgb_residual_eta,123.25566278457642,1.645662784576416,7.91682878457641,train
2026-03-01 11:18:25,1992,323,11,172.11,177.917302,5.807301999999993,xgb_residual_eta,172.86073993206026,0.7507399320602417,5.056562067939751,train
2026-03-02 12:04:32,1992,323,12,157.11,132.108958,-25.001042000000012,xgb_residual_eta,172.8763335800171,15.76633358001709,40.7673755800171,train
2026-03-02 17:09:03,1992,323,17,162.61,464.346872,301.736872,xgb_residual_eta,231.3867562866211,68.7767562866211,232.9601157133789,train
2026-03-02 17:55:55,1992,323,17,172.11,159.193826,-12.916174000000012,xgb_residual_eta,194.39928375244142,22.289283752441406,35.20545775244142,train
2026-03-02 18:03:32,1992,323,18,175.61,224.094324,48.48432399999999,xgb_residual_eta,195.46420799255372,19.85420799255371,28.630116007446276,train
2026-03-02 18:12:00,1992,323,18,175.61,222.891994,47.281994,xgb_residual_eta,195.46420799255372,19.85420799255371,27.427786007446286,train
2026-03-02 18:19:58,1992,323,18,175.61,157.527725,-18.08227500000001,xgb_residual_eta,195.46420799255372,19.85420799255371,37.93648299255372,train
2026-03-03 06:31:55,1992,323,6,127.61,149.613385,22.003384999999994,xgb_residual_eta,155.30017982482912,27.690179824829116,5.686794824829121,train
2026-03-03 07:23:45,1992,323,7,146.61,179.378821,32.768820999999974,xgb_residual_eta,173.19527565002443,26.585275650024414,6.18354534997556,train
2026-03-03 15:24:57,1992,323,15,153.61,169.847855,16.237854999999996,xgb_residual_eta,193.50652252197267,39.896522521972656,23.65866752197266,train
2026-03-03 16:28:38,1992,323,16,189.11,122.040953,-67.06904700000001,xgb_residual_eta,198.97225509643556,9.862255096435547,76.93130209643556,train
2026-03-03 17:47:35,1992,323,17,181.61,185.577081,3.967080999999979,xgb_residual_eta,198.60098014831544,16.99098014831543,13.02389914831545,train
2026-03-04 05:44:39,1992,323,5,172.61,205.923949,33.31394899999998,xgb_residual_eta,181.35288558959962,8.74288558959961,24.57106341040037,train
2026-03-04 06:21:15,1992,323,6,142.11,200.015886,57.90588599999998,xgb_residual_eta,179.53877578735353,37.428775787353516,20.477110212646465,train
2026-03-04 06:48:42,1992,323,6,159.11,226.065157,66.95515699999999,xgb_residual_eta,186.58478103637697,27.474781036376953,39.48037596362303,train
2026-03-04 07:16:09,1992,323,7,156.61,116.226052,-40.38394800000002,xgb_residual_eta,177.93762908935548,21.32762908935547,61.71157708935549,train
2026-03-04 10:47:59,1992,323,10,144.44,254.950271,110.51027099999999,xgb_residual_eta,176.76878875732422,32.32878875732422,78.18148224267577,train
2026-03-04 13:37:52,1992,323,13,159.61,134.813429,-24.796571,xgb_residual_eta,172.6643603897095,13.054360389709473,37.85093138970947,train
2026-03-04 17:43:14,1992,323,17,144.44,188.390242,43.950242,xgb_residual_eta,189.41904968261719,44.97904968261719,1.0288076826171846,train
2026-03-05 07:22:15,1992,323,7,139.61,161.266,21.655999999999977,xgb_residual_eta,173.11123596191408,33.50123596191406,11.845235961914085,train
2026-03-05 12:29:40,1992,323,12,139.61,145.172321,5.562320999999997,xgb_residual_eta,167.46973167419435,27.859731674194336,22.29741067419434,train
2026-03-05 16:18:03,1992,323,16,154.61,249.707966,95.09796599999999,xgb_residual_eta,196.74597488403322,42.1359748840332,52.96199111596678,train
2026-03-05 16:59:08,1992,323,16,180.61,200.898159,20.28815899999998,xgb_residual_eta,194.7654288864136,14.155428886413574,6.132730113586405,train
2026-03-06 06:31:46,1992,323,6,190.61,151.366614,-39.243386000000015,xgb_residual_eta,189.5207577800751,-1.0892422199249268,38.15414378007509,train
2026-03-06 07:16:18,1992,323,7,144.44,120.194174,-24.245825999999994,xgb_residual_eta,187.3146566772461,42.874656677246094,67.12048267724609,train
2026-03-06 13:58:15,1992,323,13,178.61,146.251245,-32.358755,xgb_residual_eta,191.3978112792969,12.787811279296875,45.14656627929688,train
2026-03-06 17:42:38,1992,323,17,144.44,200.307564,55.867564000000016,xgb_residual_eta,200.25290435791015,55.812904357910156,0.05465964208985952,train
2026-03-07 06:45:10,1992,323,6,135.61,163.966572,28.356572,xgb_residual_eta,156.27640090942384,20.666400909423828,7.690171090576172,train
2026-03-07 13:01:25,1992,323,13,158.11,157.622065,-0.48793500000002155,xgb_residual_eta,162.4101413345337,4.300141334533691,4.788076334533713,train
2026-03-07 14:45:38,1992,323,14,171.11,134.004628,-37.10537200000002,xgb_residual_eta,166.00596700668336,-5.10403299331665,32.00133900668337,train
2026-03-07 16:26:41,1992,323,16,144.44,169.290396,24.85039599999999,xgb_residual_eta,173.58019584655761,29.140195846557617,4.289799846557628,train
2026-03-07 17:00:11,1992,323,17,144.44,153.993669,9.553669000000014,xgb_residual_eta,174.72854370117187,30.288543701171875,20.73487470117186,train
2026-03-08 11:58:40,1992,323,11,171.11,159.926111,-11.183889000000022,xgb_residual_eta,171.86073993206026,0.7507399320602417,11.934628932060264,train
2026-03-08 16:46:14,1992,323,16,145.11,141.944366,-3.1656340000000114,xgb_residual_eta,177.79505859375,32.68505859375,35.85069259375001,train
2026-03-09 04:39:53,1992,323,4,129.61,105.69429,-23.91571000000002,xgb_residual_eta,139.53127704620363,9.921277046203613,33.83698704620363,train
2026-03-09 05:19:43,1992,323,5,153.11,154.818586,1.7085859999999968,xgb_residual_eta,165.53665958404542,12.42665958404541,10.718073584045413,train
2026-03-09 06:15:19,1992,323,6,136.11,134.005744,-2.1042560000000208,xgb_residual_eta,165.0245259857178,28.914525985717773,31.018781985717794,train
2026-03-09 16:23:14,1992,323,16,144.44,209.414962,64.974962,xgb_residual_eta,184.08027786254883,39.64027786254883,25.334684137451177,train
2026-03-09 16:43:52,1992,323,16,192.11,313.60008,121.49007999999998,xgb_residual_eta,203.80944953918458,11.69944953918457,109.79063046081541,train
2026-03-09 16:46:09,1992,323,16,192.11,257.633232,65.52323200000001,xgb_residual_eta,203.80944953918458,11.69944953918457,53.82378246081544,train
2026-03-09 18:02:26,1992,323,18,175.61,108.253739,-67.35626100000002,xgb_residual_eta,181.13604389190675,5.526043891906738,72.88230489190676,train
2026-03-09 19:21:11,1992,323,19,190.11,145.144576,-44.96542400000001,xgb_residual_eta,186.26628004074098,-3.843719959259033,41.12170404074098,train
2026-03-10 07:40:30,1992,323,7,149.11,125.614876,-23.49512400000002,xgb_residual_eta,171.89190803527833,22.78190803527832,46.27703203527834,train
2026-03-10 16:56:55,1992,323,16,160.61,148.919548,-11.690452000000022,xgb_residual_eta,192.41322456359865,31.803224563598633,43.493676563598655,train
2026-03-11 05:50:07,1992,323,5,172.61,130.612319,-41.997681,xgb_residual_eta,180.50259910583497,7.892599105834961,49.89028010583496,train
2026-03-11 08:41:06,1992,323,8,179.61,142.215702,-37.39429800000002,xgb_residual_eta,180.85863493442537,1.248634934425354,38.642932934425374,train
2026-03-11 16:12:45,1992,323,16,171.61,182.154717,10.544716999999991,xgb_residual_eta,193.78063713073732,22.170637130737305,11.625920130737313,train
2026-03-11 16:24:05,1992,323,16,171.61,174.03233,2.422329999999988,xgb_residual_eta,193.78063713073732,22.170637130737305,19.748307130737317,train
2026-03-11 18:23:52,1992,323,18,144.44,170.824392,26.38439199999999,xgb_residual_eta,190.09249252319336,45.65249252319336,19.268100523193368,train
2026-03-12 16:48:00,1992,323,16,180.61,403.212852,222.60285199999998,xgb_residual_eta,218.77353988647462,38.16353988647461,184.43931211352538,train
2026-03-12 17:26:10,1992,323,17,182.11,196.882018,14.772017999999974,xgb_residual_eta,208.02863441467287,25.91863441467285,11.146616414672877,train
2026-03-12 17:32:18,1992,323,17,176.61,215.894019,39.28401899999997,xgb_residual_eta,214.2571405029297,37.64714050292969,1.6368784970702848,train
2026-03-12 17:59:55,1992,323,17,176.61,226.356253,49.746252999999996,xgb_residual_eta,214.2571405029297,37.64714050292969,12.099112497070308,train
2026-03-12 18:58:24,1992,323,18,144.44,135.777184,-8.662815999999992,xgb_residual_eta,181.781739654541,37.341739654541016,46.00455565454101,train
2026-03-13 05:23:40,1992,323,5,150.61,173.044782,22.434781999999984,xgb_residual_eta,163.08666358947755,12.476663589477539,9.958118410522445,train
2026-03-13 06:23:54,1992,323,6,184.61,195.935527,11.325526999999994,xgb_residual_eta,184.17409883499147,-0.4359011650085449,11.761428165008539,train
2026-03-13 12:06:22,1992,323,12,169.11,116.921048,-52.188952000000015,xgb_residual_eta,172.5757258987427,3.465725898742676,55.65467789874269,train
2026-03-13 16:18:07,1992,323,16,144.44,143.994139,-0.44586100000000783,xgb_residual_eta,202.17368453979492,57.73368453979492,58.17954553979493,train
2026-03-13 17:23:31,1992,323,17,144.44,244.009806,99.569806,xgb_residual_eta,202.17368453979492,57.73368453979492,41.83612146020508,train
2026-03-13 18:05:51,1992,323,18,144.44,158.519179,14.07917900000001,xgb_residual_eta,184.9537596130371,40.51375961303711,26.4345806130371,train
2026-03-13 18:17:33,1992,323,18,144.44,151.060325,6.620325000000008,xgb_residual_eta,184.9537596130371,40.51375961303711,33.8934346130371,train
2026-03-14 07:30:35,1992,323,7,138.11,150.932069,12.822068999999999,xgb_residual_eta,159.423045501709,21.313045501708984,8.490976501708985,train
2026-03-14 08:24:30,1992,323,8,162.61,126.477462,-36.13253800000001,xgb_residual_eta,178.36102901458742,15.751029014587402,51.88356701458741,train
2026-03-14 09:06:41,1992,323,9,144.44,215.30098,70.86098000000001,xgb_residual_eta,165.75304550170898,21.313045501708984,49.54793449829103,val
2026-03-14 16:22:46,1992,323,16,144.44,195.730668,51.29066800000001,xgb_residual_eta,179.70998138427734,35.269981384277344,16.020686615722667,val
2026-03-14 16:52:58,1992,323,16,144.44,223.631432,79.19143199999999,xgb_residual_eta,179.70998138427734,35.269981384277344,43.92145061572265,val
2026-03-14 18:10:53,1992,323,18,144.44,891.276558,746.836558,xgb_residual_eta,180.3124136352539,35.872413635253906,710.9641443647461,val
2026-03-15 13:28:49,1992,323,13,141.11,265.851588,124.74158799999998,xgb_residual_eta,153.0405992126465,11.930599212646484,112.8109887873535,val
2026-03-15 15:27:14,1992,323,15,137.61,105.603747,-32.006253000000015,xgb_residual_eta,167.59662757873537,29.98662757873535,61.99288057873537,val
2026-03-16 08:17:39,1992,323,8,170.11,196.244438,26.13443799999999,xgb_residual_eta,173.6644505119324,3.554450511932373,22.579987488067616,val
2026-03-16 14:47:01,1992,323,14,146.61,197.674791,51.064790999999985,xgb_residual_eta,172.9855683898926,26.375568389892578,24.689222610107407,val
2026-03-16 16:46:26,1992,323,16,192.11,147.024577,-45.08542300000002,xgb_residual_eta,203.80944953918458,11.69944953918457,56.78487253918459,val
2026-03-16 17:50:59,1992,323,17,172.11,103.462509,-68.64749100000002,xgb_residual_eta,194.39928375244142,22.289283752441406,90.93677475244142,val
2026-03-17 05:44:42,1992,323,5,155.61,110.284911,-45.32508900000002,xgb_residual_eta,168.2608846282959,12.650884628295898,57.97597362829592,val
2026-03-17 06:33:06,1992,323,6,127.61,193.98498,66.37498000000001,xgb_residual_eta,155.30017982482912,27.690179824829116,38.68480017517089,val
2026-03-17 07:27:22,1992,323,7,146.61,191.282736,44.672735999999986,xgb_residual_eta,173.19527565002443,26.585275650024414,18.087460349975572,val
2026-03-17 12:21:09,1992,323,12,176.61,145.978647,-30.63135300000002,xgb_residual_eta,175.53868876457216,-1.0713112354278564,29.560041764572162,val
2026-03-17 16:19:18,1992,323,16,189.11,193.950412,4.840411999999986,xgb_residual_eta,198.97225509643556,9.862255096435547,5.0218430964355605,val
2026-03-17 17:02:33,1992,323,17,161.11,144.507318,-16.602682000000016,xgb_residual_eta,205.4925378417969,44.382537841796875,60.98521984179689,val
2026-03-17 18:05:31,1992,323,18,170.61,144.754188,-25.855812000000014,xgb_residual_eta,190.46420799255372,19.85420799255371,45.710019992553725,val
2026-03-18 10:47:45,1992,323,10,144.44,243.250156,98.810156,xgb_residual_eta,176.76878875732422,32.32878875732422,66.48136724267579,val
2026-03-18 11:22:49,1992,323,11,162.11,141.30336,-20.806640000000016,xgb_residual_eta,179.4962762451172,17.386276245117188,38.1929162451172,val
2026-03-18 17:51:27,1992,323,17,144.44,164.467814,20.027814000000006,xgb_residual_eta,189.41904968261719,44.97904968261719,24.95123568261718,val
2026-03-18 18:12:02,1992,323,18,144.44,239.381413,94.94141300000001,xgb_residual_eta,190.09249252319336,45.65249252319336,49.28892047680665,val
2026-03-19 16:28:29,1992,323,16,154.61,215.77052,61.16051999999999,xgb_residual_eta,198.66675506591798,44.05675506591797,17.103764934082022,val
2026-03-19 16:33:28,1992,323,16,180.61,203.409707,22.799706999999984,xgb_residual_eta,209.14965759277345,28.539657592773438,5.739950592773454,val
2026-03-19 17:40:35,1992,323,17,176.61,122.599616,-54.010384000000016,xgb_residual_eta,214.2571405029297,37.64714050292969,91.6575245029297,val
2026-03-19 18:22:31,1992,323,18,176.61,166.513777,-10.096223000000009,xgb_residual_eta,203.04972396850587,26.43972396850586,36.53594696850587,val
2026-03-20 07:51:06,1992,323,7,144.44,219.560744,75.120744,xgb_residual_eta,187.3146566772461,42.874656677246094,32.24608732275391,val
2026-03-20 13:56:25,1992,323,13,178.61,156.699012,-21.910988000000003,xgb_residual_eta,191.3978112792969,12.787811279296875,34.69879927929688,val
2026-03-20 14:45:20,1992,323,14,169.61,272.775825,103.16582499999998,xgb_residual_eta,174.8735636329651,5.263563632965088,97.9022613670349,val
2026-03-20 15:17:11,1992,323,15,140.61,150.870688,10.260687999999988,xgb_residual_eta,195.14553771972658,54.53553771972656,44.274849719726575,val
2026-03-20 16:47:18,1992,323,16,144.44,287.300599,142.86059899999998,xgb_residual_eta,202.17368453979492,57.73368453979492,85.12691446020506,val
2026-03-20 17:42:09,1992,323,17,144.44,191.498743,47.05874299999999,xgb_residual_eta,202.17368453979492,57.73368453979492,10.67494153979493,val
2026-03-21 05:30:32,1992,323,5,165.11,197.100975,31.99097499999999,xgb_residual_eta,168.6275862312317,3.5175862312316895,28.473388768768302,val
2026-03-21 06:00:28,1992,323,6,191.11,166.358352,-24.751648000000017,xgb_residual_eta,184.3382729148865,-6.771727085113525,17.979920914886492,val
2026-03-21 06:17:05,1992,323,6,191.11,203.728744,12.618743999999992,xgb_residual_eta,184.3382729148865,-6.771727085113525,19.390471085113518,val
2026-03-21 12:30:53,1992,323,12,146.61,151.191171,4.5811709999999835,xgb_residual_eta,159.11816345214845,12.508163452148438,7.926992452148454,val
2026-03-21 13:22:22,1992,323,13,158.11,112.862173,-45.247827000000015,xgb_residual_eta,162.4101413345337,4.300141334533691,49.54796833453371,val
2026-03-21 15:38:15,1992,323,15,159.61,128.891307,-30.718693000000002,xgb_residual_eta,194.47996841430665,34.86996841430664,65.58866141430664,val
2026-03-21 16:34:01,1992,323,16,144.44,187.575016,43.13501600000001,xgb_residual_eta,179.70998138427734,35.269981384277344,7.865034615722664,val
2026-03-21 16:57:52,1992,323,16,144.44,162.205217,17.765217000000007,xgb_residual_eta,179.70998138427734,35.269981384277344,17.504764384277337,val
2026-03-22 10:02:32,1992,323,10,137.11,74.19985,-62.910150000000016,xgb_residual_eta,153.7120736694336,16.602073669433594,79.51222366943361,val
2026-03-22 14:52:18,1992,323,14,125.61,149.00237,23.392370000000014,xgb_residual_eta,143.13489852905275,17.52489852905275,5.867471470947265,val
2026-03-22 17:43:47,1992,323,17,140.61,178.325573,37.71557299999998,xgb_residual_eta,175.5700410461426,34.96004104614258,2.7555319538573997,val
2026-03-23 07:13:15,1992,323,7,162.11,143.093382,-19.016618000000022,xgb_residual_eta,189.14964996337892,27.039649963378906,46.05626796337893,val
2026-03-23 09:34:14,1992,323,9,165.11,254.498329,89.388329,xgb_residual_eta,203.50609146118165,38.39609146118164,50.99223753881836,val
2026-03-23 14:01:48,1992,323,14,162.11,197.558863,35.44886299999999,xgb_residual_eta,189.01779304504396,26.907793045043945,8.541069954956043,val
2026-03-23 14:10:14,1992,323,14,162.11,129.531295,-32.578705000000014,xgb_residual_eta,189.01779304504396,26.907793045043945,59.48649804504396,val
2026-03-23 15:07:42,1992,323,15,145.61,136.421588,-9.188412,xgb_residual_eta,185.31115661621095,39.70115661621094,48.88956861621094,test
2026-03-23 17:13:37,1992,323,17,162.61,122.145718,-40.46428200000001,xgb_residual_eta,231.3867562866211,68.7767562866211,109.2410382866211,test
2026-03-23 18:06:04,1992,323,18,175.61,191.93058,16.32057999999998,xgb_residual_eta,195.46420799255372,19.85420799255371,3.5336279925537326,test
2026-03-23 18:11:54,1992,323,18,175.61,264.974134,89.36413399999998,xgb_residual_eta,195.46420799255372,19.85420799255371,69.50992600744627,test
2026-03-23 19:00:37,1992,323,19,190.11,178.022474,-12.087526000000025,xgb_residual_eta,196.8479722595215,6.737972259521484,18.82549825952151,test
2026-03-24 04:42:16,1992,323,4,156.11,156.959874,0.8498739999999998,xgb_residual_eta,168.7608846282959,12.650884628295898,11.801010628295899,test
2026-03-24 05:41:49,1992,323,5,155.61,188.977326,33.36732599999999,xgb_residual_eta,168.2608846282959,12.650884628295898,20.716441371704093,test
2026-03-24 06:35:21,1992,323,6,127.61,146.27907,18.66906999999999,xgb_residual_eta,155.30017982482912,27.690179824829116,9.021109824829125,test
2026-03-24 07:10:39,1992,323,7,146.61,197.943323,51.33332299999998,xgb_residual_eta,173.19527565002443,26.585275650024414,24.748047349975565,test
2026-03-24 10:53:58,1992,323,10,157.11,139.44808,-17.66192000000001,xgb_residual_eta,177.67532669067384,20.565326690673828,38.22724669067384,test
2026-03-24 13:28:15,1992,323,13,161.11,171.611727,10.501726999999988,xgb_residual_eta,178.10228668212892,16.992286682128906,6.490559682128918,test
2026-03-24 16:11:02,1992,323,16,189.11,165.432266,-23.677734000000015,xgb_residual_eta,198.97225509643556,9.862255096435547,33.53998909643556,test
2026-03-24 16:42:27,1992,323,16,160.61,146.307438,-14.302562000000023,xgb_residual_eta,201.78388916015626,41.17388916015625,55.47645116015627,test
2026-03-24 17:15:52,1992,323,17,161.11,144.267011,-16.842989000000017,xgb_residual_eta,205.4925378417969,44.382537841796875,61.22552684179689,test
2026-03-24 17:40:15,1992,323,17,181.61,178.367721,-3.242279000000025,xgb_residual_eta,198.60098014831544,16.99098014831543,20.233259148315454,test
2026-03-24 18:31:05,1992,323,18,144.44,157.162467,12.722466999999995,xgb_residual_eta,181.66225952148437,37.222259521484375,24.49979252148438,test
2026-03-25 04:54:45,1992,323,4,148.11,128.15681,-19.953190000000006,xgb_residual_eta,164.70310531616212,16.59310531616211,36.546295316162116,test
2026-03-25 06:52:43,1992,323,6,159.11,192.903437,33.79343699999998,xgb_residual_eta,184.0406755065918,24.930675506591797,8.862761493408186,test
2026-03-25 08:12:13,1992,323,8,140.61,125.118076,-15.491924000000012,xgb_residual_eta,173.12736068725587,32.51736068725586,48.00928468725587,test
2026-03-25 13:00:16,1992,323,13,133.11,168.780527,35.67052699999999,xgb_residual_eta,159.38210235595704,26.27210235595703,9.398424644042962,test
2026-03-25 18:03:50,1992,323,18,144.44,158.792614,14.352613999999988,xgb_residual_eta,190.09249252319336,45.65249252319336,31.29987852319337,test
2026-03-25 19:51:33,1992,323,19,144.44,130.993052,-13.446947999999992,xgb_residual_eta,173.29875511169433,28.858755111694336,42.30570311169433,test
2026-03-26 05:36:31,1992,323,5,151.11,137.43289,-13.677110000000027,xgb_residual_eta,160.2393067932129,9.12930679321289,22.806416793212918,test
2026-03-26 06:50:53,1992,323,6,142.11,167.002425,24.892424999999974,xgb_residual_eta,168.47254310607912,26.3625431060791,1.470118106079127,test
2026-03-26 09:39:29,1992,323,9,158.61,181.688713,23.078712999999993,xgb_residual_eta,180.21728836059572,21.607288360595703,1.4714246394042902,test
2026-03-26 11:54:10,1992,323,11,164.11,135.097632,-29.01236800000001,xgb_residual_eta,189.3554891204834,25.2454891204834,54.25785712048341,test
2026-03-26 14:08:31,1992,323,14,182.61,223.594038,40.984038,xgb_residual_eta,188.30535112380983,5.6953511238098145,35.288686876190184,test
2026-03-26 15:35:53,1992,323,15,172.11,217.078088,44.968087999999995,xgb_residual_eta,200.52312217712404,28.413122177124023,16.55496582287597,test
2026-03-26 16:47:03,1992,323,16,180.61,330.1481,149.5381,xgb_residual_eta,209.45144973754884,28.841449737548828,120.69665026245116,test
2026-03-26 17:04:02,1992,323,17,182.11,297.490746,115.38074599999999,xgb_residual_eta,198.70654998779298,16.59654998779297,98.78419601220702,test
2026-03-26 17:29:04,1992,323,17,182.11,407.100183,224.990183,xgb_residual_eta,198.70654998779298,16.59654998779297,208.39363301220703,test
2026-03-26 18:03:07,1992,323,18,176.61,245.359421,68.74942099999998,xgb_residual_eta,203.04972396850587,26.43972396850586,42.309697031494125,test
2026-03-26 18:27:55,1992,323,18,176.61,141.924353,-34.68564700000002,xgb_residual_eta,203.04972396850587,26.43972396850586,61.12537096850588,test
2026-03-27 15:11:44,1992,323,15,140.61,144.048183,3.438182999999981,xgb_residual_eta,197.06631790161134,56.45631790161133,53.01813490161135,test
2026-03-27 15:54:01,1992,323,15,144.44,206.373481,61.933481,xgb_residual_eta,200.89631790161133,56.45631790161133,5.477163098388672,test
2026-03-27 16:58:22,1992,323,16,144.44,225.852017,81.41201699999999,xgb_residual_eta,202.17368453979492,57.73368453979492,23.67833246020507,test
2026-03-27 17:50:50,1992,323,17,144.44,108.892335,-35.547664999999995,xgb_residual_eta,202.17368453979492,57.73368453979492,93.28134953979492,test
2026-03-27 18:19:11,1992,323,18,144.44,271.776229,127.336229,xgb_residual_eta,187.5278791809082,43.0878791809082,84.2483498190918,test
2026-03-27 18:57:16,1992,323,18,144.44,157.876949,13.436948999999998,xgb_residual_eta,187.5278791809082,43.0878791809082,29.650930180908205,test
2026-03-28 04:44:24,1992,323,4,124.11,172.533917,48.423917,xgb_residual_eta,129.76166473388673,5.651664733886733,42.77225226611327,test
2026-03-28 07:44:59,1992,323,7,138.11,186.696968,48.586967999999985,xgb_residual_eta,159.423045501709,21.313045501708984,27.273922498291,test
2026-03-28 16:12:35,1992,323,16,144.44,128.70132,-15.738679999999988,xgb_residual_eta,179.70998138427734,35.269981384277344,51.00866138427733,test
2026-03-28 16:28:58,1992,323,16,144.44,136.662447,-7.777553000000012,xgb_residual_eta,179.70998138427734,35.269981384277344,43.047534384277355,test
2026-03-28 16:53:29,1992,323,16,144.44,154.558682,10.118682000000007,xgb_residual_eta,179.70998138427734,35.269981384277344,25.151299384277337,test
2026-03-30 14:55:58,1992,323,14,146.61,153.086086,6.476085999999981,xgb_residual_eta,172.9855683898926,26.375568389892578,19.899482389892597,test
2026-03-30 16:24:10,1992,323,16,144.44,127.109001,-17.33099899999999,xgb_residual_eta,184.08027786254883,39.64027786254883,56.97127686254882,test
2026-03-30 18:21:39,1992,323,18,175.61,142.48942,-33.12058000000002,xgb_residual_eta,195.46420799255372,19.85420799255371,52.97478799255373,test
